Pixel, Red, Green, Blue, Fire
0,192,169,136,0
1,191,168,135,0
2,191,168,133,0
3,191,168,135,0
4,192,168,138,0
5,193,169,139,0
6,193,169,139,0
7,191,170,136,0
8,193,172,136,0
9,192,169,136,0
10,194,173,137,0
11,191,167,139,0
12,195,172,135,0
13,198,175,138,0
14,195,172,137,0
15,193,172,136,0
16,192,171,135,0
17,191,153,121,0
18,191,170,132,0
19,192,157,124,0
20,195,174,136,0
21,194,159,126,0
22,195,174,136,0
23,195,161,125,0
24,194,162,123,0
25,191,175,138,0
26,194,162,123,0
27,196,164,125,0
28,196,166,129,0
29,192,164,129,0
30,191,151,133,0
31,192,152,134,0
32,192,152,134,0
33,191,151,135,0
34,191,150,137,0
35,191,150,137,0
36,191,150,137,0
37,191,149,134,0
38,191,151,135,0
39,192,152,136,0
40,191,148,136,0
41,191,151,133,0
42,191,151,133,0
43,191,149,130,0
44,191,146,132,0
45,192,147,133,0
46,191,149,130,0
47,194,155,132,0
48,194,155,132,0
49,191,146,130,0
50,191,150,128,0
51,195,159,135,0
52,194,158,134,0
53,193,157,133,0
54,193,157,133,0
55,194,157,136,0
56,196,159,138,0
57,195,158,137,0
58,195,158,137,0
59,193,156,135,0
60,192,155,138,0
61,197,160,139,0
62,195,158,137,0
63,193,156,135,0
64,194,154,138,0
65,194,154,138,0
66,194,159,137,0
67,195,155,135,0
68,194,154,134,0
69,193,157,133,0
70,191,152,129,0
71,195,160,138,0
72,192,157,135,0
73,195,153,134,0
74,195,153,134,0
75,194,154,138,0
76,195,155,139,0
77,195,159,135,0
78,193,157,133,0
79,194,155,132,0
80,192,153,130,0
81,191,151,131,0
82,192,152,132,0
83,193,151,134,0
84,195,153,136,0
85,194,154,138,0
86,199,163,139,0
87,196,160,136,0
88,195,159,135,0
89,193,157,133,0
90,191,150,128,0
91,193,151,132,0
92,195,153,134,0
93,194,154,136,0
94,196,156,138,0
95,199,163,139,0
96,197,161,137,0
97,198,159,134,0
98,196,157,132,0
99,194,155,132,0
100,192,153,130,0
101,191,147,126,0
102,192,150,131,0
103,193,151,132,0
104,195,155,137,0
105,197,157,139,0
106,201,162,137,0
107,199,160,135,0
108,198,160,132,0
109,197,159,131,0
110,195,157,129,0
111,192,154,126,0
112,191,149,130,0
113,193,151,132,0
114,194,154,136,0
115,195,155,137,0
116,196,156,138,0
117,200,159,135,0
118,199,158,134,0
119,198,158,131,0
120,196,156,129,0
121,195,152,126,0
122,194,151,125,0
123,191,148,120,0
124,193,151,132,0
125,194,154,134,0
126,195,155,135,0
127,195,156,133,0
128,197,158,135,0
129,196,160,136,0
130,197,161,137,0
131,200,160,131,0
132,199,159,130,0
133,200,157,127,0
134,198,155,125,0
135,195,152,124,0
136,193,150,122,0
137,192,151,129,0
138,193,152,130,0
139,195,154,132,0
140,195,154,132,0
141,195,154,132,0
142,196,158,130,0
143,198,160,132,0
144,198,158,127,0
145,198,158,127,0
146,200,155,125,0
147,199,154,124,0
148,195,150,122,0
149,193,148,120,0
150,191,148,122,0
151,193,149,126,0
152,194,150,127,0
153,195,151,128,0
154,195,151,128,0
155,195,151,128,0
156,197,153,130,0
157,195,157,127,0
158,197,159,129,0
159,198,159,125,0
160,197,158,124,0
161,200,156,123,0
162,197,153,120,0
163,193,150,122,0
164,191,148,120,0
165,193,148,122,0
166,193,150,124,0
167,194,151,125,0
168,195,152,124,0
169,195,152,124,0
170,195,152,124,0
171,195,152,124,0
172,196,156,125,0
173,198,158,127,0
174,198,159,125,0
175,196,157,123,0
176,195,155,124,0
177,193,153,122,0
178,193,150,122,0
179,191,148,120,0
180,192,147,121,0
181,194,149,123,0
182,193,150,120,0
183,193,150,120,0
184,191,151,122,0
185,191,151,122,0
186,191,151,120,0
187,192,152,121,0
188,193,153,122,0
189,196,156,125,0
190,196,156,125,0
191,196,156,125,0
192,195,155,126,0
193,192,152,123,0
194,193,150,122,0
195,192,149,121,0
196,193,145,123,0
197,194,146,124,0
198,191,151,120,0
199,192,152,121,0
200,195,155,124,0
201,196,156,125,0
202,196,156,125,0
203,195,155,124,0
204,193,153,122,0
205,191,151,122,0
206,191,141,113,0
207,192,146,123,0
208,192,146,123,0
209,193,147,124,0
210,194,148,125,0
211,192,152,121,0
212,193,153,122,0
213,195,155,124,0
214,195,155,124,0
215,197,154,124,0
216,195,152,122,0
217,194,149,121,0
218,192,147,119,0
219,191,148,120,0
220,192,149,121,0
221,191,148,120,0
222,192,149,121,0
223,192,149,121,0
224,192,149,121,0
225,192,149,121,0
226,192,152,121,0
227,193,153,122,0
228,193,153,122,0
229,195,152,122,0
230,193,150,120,0
231,194,147,118,0
232,191,144,115,0
233,192,142,116,0
234,191,141,113,0
235,191,141,113,0
236,192,147,119,0
237,191,148,120,0
238,191,148,120,0
239,193,148,120,0
240,193,148,120,0
241,194,149,121,0
242,193,148,120,0
243,193,150,120,0
244,193,150,120,0
245,196,150,118,0
246,194,148,116,0
247,195,145,117,0
248,192,142,114,0
249,191,141,117,0
250,191,142,111,0
251,192,147,117,0
252,191,148,120,0
253,191,148,120,0
254,193,148,120,0
255,192,147,119,0
256,191,148,118,0
257,191,148,118,0
258,192,149,121,0
259,191,148,120,0
260,191,148,120,0
261,193,148,118,0
262,194,149,119,0
263,195,150,120,0
264,195,150,120,0
265,196,150,118,0
266,194,148,116,0
267,193,143,115,0
268,192,142,114,0
269,191,144,117,0
270,192,147,117,0
271,192,147,117,0
272,192,147,117,0
273,192,147,119,0
274,193,146,119,0
275,193,146,119,0
276,194,147,118,0
277,194,147,118,0
278,196,146,118,0
279,196,146,118,0
280,193,143,115,0
281,192,142,114,0
282,193,146,117,0
283,193,146,117,0
284,193,146,119,0
285,193,146,119,0
286,193,146,119,0
287,191,144,117,0
288,193,146,117,0
289,191,142,107,0
290,191,142,111,0
291,191,142,111,0
292,192,147,119,0
293,192,147,117,0
294,191,150,137,0
295,191,150,137,0
296,191,150,137,0
297,191,150,137,0
298,191,148,136,0
299,192,149,137,0
300,191,150,137,0
301,191,148,138,0
302,191,140,110,0
303,191,142,111,0
304,191,142,111,0
305,192,141,111,0
306,192,141,111,0
307,191,140,108,0
308,191,140,110,0
309,191,142,109,0
310,191,142,109,0
311,192,142,114,0
312,192,142,114,0
313,192,143,112,0
314,192,143,112,0
315,191,142,109,0
316,192,143,110,0
317,192,141,109,0
318,192,141,109,0
319,191,140,108,0
320,191,142,109,0
321,191,142,111,0
322,192,143,112,0
323,193,142,110,0
324,194,143,111,0
325,193,142,110,0
326,194,143,111,0
327,193,142,108,0
328,193,142,108,0
329,191,140,108,0
330,191,142,109,0
331,193,144,111,0
332,195,146,113,0
333,195,146,113,0
334,196,146,109,0
335,196,146,109,0
336,196,146,109,0
337,193,143,106,0
338,191,142,111,0
339,191,142,111,0
340,191,142,111,0
341,191,142,111,0
342,193,142,112,0
343,196,145,115,0
344,196,145,113,0
345,197,146,114,0
346,196,148,110,0
347,195,147,109,0
348,191,141,104,0
349,192,142,105,0
350,192,142,105,0
351,192,142,105,0
352,191,140,106,0
353,191,140,106,0
354,191,140,110,0
355,191,142,111,0
356,192,143,112,0
357,191,145,113,0
358,191,141,113,0
359,191,141,113,0
360,191,141,113,0
361,191,141,113,0
362,193,143,115,0
363,196,145,115,0
364,197,146,116,0
365,194,148,112,0
366,191,145,109,0
367,192,141,109,0
368,193,143,106,0
369,194,144,107,0
370,194,144,107,0
371,194,144,107,0
372,193,142,108,0
373,193,142,108,0
374,192,143,112,0
375,192,143,112,0
376,193,146,117,0
377,194,147,118,0
378,194,149,119,0
379,193,148,118,0
380,193,146,119,0
381,191,144,117,0
382,192,140,113,0
383,193,141,114,0
384,192,143,112,0
385,196,147,116,0
386,193,149,114,0
387,192,148,113,0
388,191,139,112,0
389,191,140,110,0
390,196,145,115,0
391,197,146,114,0
392,197,146,114,0
393,197,147,110,0
394,197,147,110,0
395,196,145,113,0
396,196,145,113,0
397,195,146,115,0
398,195,146,115,0
399,195,148,119,0
400,196,149,120,0
401,193,150,122,0
402,193,150,122,0
403,194,149,121,0
404,194,149,121,0
405,194,147,120,0
406,193,146,119,0
407,191,144,115,0
408,192,143,112,0
409,191,142,111,0
410,191,142,111,0
411,192,143,112,0
412,193,144,113,0
413,195,146,115,0
414,193,147,113,0
415,191,145,111,0
416,191,142,111,0
417,191,141,113,0
418,191,141,113,0
419,192,142,116,0
420,193,143,117,0
421,197,145,120,0
422,205,153,128,0
423,200,149,119,0
424,200,149,119,0
425,200,149,115,0
426,200,149,115,0
427,199,150,117,0
428,198,149,116,0
429,198,149,118,0
430,197,148,117,0
431,194,149,123,0
432,196,151,125,0
433,194,151,125,0
434,195,152,126,0
435,196,151,125,0
436,195,150,124,0
437,195,148,121,0
438,194,147,120,0
439,196,147,116,0
440,196,147,116,0
441,195,146,111,0
442,192,143,108,0
443,191,142,109,0
444,191,142,109,0
445,192,143,110,0
446,193,144,111,0
447,191,145,111,0
448,192,147,117,0
449,195,145,119,0
450,195,145,119,0
451,196,146,122,0
452,196,146,122,0
453,198,146,123,0
454,200,148,125,0
455,203,151,124,0
456,201,149,122,0
457,203,154,121,0
458,203,154,121,0
459,201,155,121,0
460,201,155,121,0
461,200,155,125,0
462,199,154,124,0
463,197,153,130,0
464,198,154,131,0
465,198,154,131,0
466,198,154,131,0
467,195,152,126,0
468,195,152,126,0
469,196,149,122,0
470,196,149,122,0
471,197,148,117,0
472,197,148,117,0
473,196,147,112,0
474,195,146,111,0
475,192,143,108,0
476,192,143,108,0
477,194,143,111,0
478,194,143,111,0
479,194,143,111,0
480,192,141,109,0
481,192,143,108,0
482,192,143,108,0
483,193,148,120,0
484,195,148,121,0
485,196,149,122,0
486,197,150,123,0
487,198,151,124,0
488,201,149,124,0
489,200,148,123,0
490,204,153,123,0
491,205,154,124,0
492,206,157,124,0
493,206,157,124,0
494,204,158,126,0
495,205,159,127,0
496,203,158,128,0
497,203,158,128,0
498,201,155,132,0
499,203,157,134,0
500,199,155,134,0
501,200,156,135,0
502,199,156,130,0
503,198,155,129,0
504,200,153,124,0
505,198,151,122,0
506,198,149,116,0
507,198,149,116,0
508,197,148,113,0
509,196,147,112,0
510,195,146,113,0
511,193,144,111,0
512,195,146,113,0
513,195,146,113,0
514,198,144,113,0
515,196,142,111,0
516,193,143,106,0
517,193,143,106,0
518,191,143,105,0
519,193,145,107,0
520,191,141,102,0
521,192,148,115,0
522,191,148,120,0
523,194,151,123,0
524,195,152,124,0
525,197,154,126,0
526,201,154,127,0
527,202,155,128,0
528,203,153,125,0
529,204,154,126,0
530,207,156,126,0
531,206,155,125,0
532,207,158,127,0
533,207,158,127,0
534,208,162,130,0
535,209,163,131,0
536,206,163,133,0
537,206,163,133,0
538,203,163,136,0
539,203,163,136,0
540,202,162,135,0
541,202,162,135,0
542,202,159,131,0
543,201,158,130,0
544,201,157,124,0
545,200,156,123,0
546,202,153,120,0
547,200,151,118,0
548,197,151,115,0
549,195,149,113,0
550,195,146,113,0
551,195,146,113,0
552,196,145,113,0
553,196,145,113,0
554,198,144,113,0
555,196,142,111,0
556,195,142,106,0
557,194,141,105,0
558,191,141,104,0
559,191,143,103,0
560,192,144,104,0
561,192,144,106,0
562,192,144,106,0
563,191,144,115,0
564,193,146,117,0
565,193,150,124,0
566,195,152,126,0
567,199,154,128,0
568,201,156,130,0
569,203,156,131,0
570,203,156,131,0
571,203,156,129,0
572,207,160,133,0
573,208,162,130,0
574,208,162,130,0
575,210,164,132,0
576,210,164,132,0
577,208,166,133,0
578,208,166,133,0
579,208,166,133,0
580,207,165,132,0
581,204,164,135,0
582,205,165,136,0
583,203,163,136,0
584,204,164,137,0
585,205,162,132,0
586,204,161,131,0
587,205,159,127,0
588,203,157,125,0
589,202,153,120,0
590,202,153,120,0
591,198,149,116,0
592,197,148,115,0
593,196,145,113,0
594,196,145,113,0
595,194,143,111,0
596,196,145,113,0
597,198,144,113,0
598,198,144,113,0
599,193,143,106,0
600,192,142,105,0
601,191,141,102,0
602,191,141,102,0
603,193,143,104,0
604,194,144,105,0
605,196,147,112,0
606,196,147,112,0
607,193,148,118,0
608,194,149,119,0
609,194,151,123,0
610,198,155,127,0
611,200,157,129,0
612,202,159,131,0
613,204,161,133,0
614,204,161,133,0
615,205,162,134,0
616,207,164,136,0
617,210,165,135,0
618,209,164,134,0
619,209,165,132,0
620,210,166,133,0
621,211,168,138,0
622,211,168,138,0
623,209,167,134,0
624,207,165,132,0
625,206,166,135,0
626,206,166,135,0
627,207,164,134,0
628,207,164,134,0
629,208,164,131,0
630,207,163,130,0
631,204,160,125,0
632,203,159,124,0
633,204,155,120,0
634,203,154,119,0
635,198,152,116,0
636,196,150,114,0
637,197,148,115,0
638,196,147,114,0
639,196,145,113,0
640,197,146,114,0
641,198,145,109,0
642,198,145,109,0
643,193,143,106,0
644,191,141,104,0
645,192,142,103,0
646,193,143,104,0
647,195,147,109,0
648,197,149,111,0
649,198,149,114,0
650,198,149,114,0
651,196,149,120,0
652,197,150,121,0
653,199,154,124,0
654,201,156,126,0
655,204,159,129,0
656,207,162,132,0
657,206,163,135,0
658,207,164,136,0
659,207,164,136,0
660,209,166,138,0
661,211,168,138,0
662,209,166,136,0
663,204,164,133,0
664,207,167,136,0
665,209,170,136,0
666,202,163,129,0
667,206,166,135,0
668,206,166,135,0
669,206,163,133,0
670,207,164,134,0
671,208,164,131,0
672,207,163,130,0
673,207,161,127,0
674,205,159,125,0
675,204,155,120,0
676,203,154,119,0
677,200,151,118,0
678,199,150,117,0
679,198,147,117,0
680,197,146,116,0
681,198,144,113,0
682,195,141,110,0
683,198,145,109,0
684,196,143,107,0
685,193,143,106,0
686,192,142,105,0
687,191,138,100,0
688,191,138,100,0
689,192,142,105,0
690,193,143,106,0
691,197,146,112,0
692,199,148,114,0
693,200,151,118,0
694,200,151,118,0
695,198,152,120,0
696,198,152,120,0
697,202,155,126,0
698,205,158,129,0
699,208,163,133,0
700,209,164,134,0
701,210,165,135,0
702,211,166,136,0
703,210,171,137,0
704,209,170,136,0
705,208,165,135,0
706,207,164,134,0
707,210,164,132,0
708,209,163,131,0
709,208,162,126,0
710,205,159,123,0
711,205,157,119,0
712,203,155,117,0
713,202,153,120,0
714,199,150,117,0
715,199,148,118,0
716,198,147,117,0
717,200,146,115,0
718,201,147,116,0
719,197,147,108,0
720,197,147,108,0
721,194,144,105,0
722,191,141,102,0
723,191,141,104,0
724,192,142,105,0
725,192,142,105,0
726,196,146,109,0
727,199,148,114,0
728,201,150,116,0
729,203,152,120,0
730,203,152,120,0
731,203,154,123,0
732,199,150,119,0
733,205,159,127,0
734,210,164,132,0
735,216,167,136,0
736,214,165,134,0
737,216,166,138,0
738,217,167,139,0
739,214,169,139,0
740,209,166,138,0
741,209,166,138,0
742,210,163,134,0
743,210,163,134,0
744,207,161,127,0
745,202,156,122,0
746,205,157,119,0
747,204,156,118,0
748,203,154,119,0
749,200,151,116,0
750,203,152,122,0
751,201,150,120,0
752,200,149,117,0
753,200,149,117,0
754,198,148,109,0
755,197,147,108,0
756,194,144,105,0
757,191,141,102,0
758,191,167,139,0
759,191,141,104,0
760,192,142,105,0
761,193,143,106,0
762,194,144,107,0
763,196,145,111,0
764,198,147,113,0
765,200,149,115,0
766,203,152,118,0
767,204,153,121,0
768,205,154,122,0
769,205,156,123,0
770,205,156,123,0
771,209,163,129,0
772,215,169,135,0
773,216,167,134,0
774,216,167,134,0
775,217,168,137,0
776,218,169,138,0
777,212,165,138,0
778,211,165,133,0
779,209,163,131,0
780,205,160,121,0
781,204,159,120,0
782,204,155,122,0
783,202,153,120,0
784,203,153,125,0
785,202,152,124,0
786,204,153,121,0
787,203,152,120,0
788,200,152,114,0
789,199,151,113,0
790,195,147,109,0
791,192,138,107,0
792,193,139,106,0
793,196,142,109,0
794,196,142,109,0
795,199,145,112,0
796,200,146,113,0
797,202,148,115,0
798,201,150,116,0
799,204,153,119,0
800,206,155,123,0
801,207,156,124,0
802,209,160,125,0
803,211,162,127,0
804,214,168,134,0
805,214,168,134,0
806,218,169,136,0
807,218,169,136,0
808,219,168,138,0
809,219,168,138,0
810,210,165,135,0
811,208,164,129,0
812,204,160,125,0
813,204,160,127,0
814,202,158,125,0
815,203,157,125,0
816,202,156,124,0
817,205,156,123,0
818,205,156,123,0
819,203,154,119,0
820,205,156,121,0
821,198,152,118,0
822,193,147,113,0
823,194,140,109,0
824,196,143,107,0
825,199,146,110,0
826,200,147,111,0
827,201,148,112,0
828,202,149,113,0
829,203,150,114,0
830,205,151,118,0
831,207,153,120,0
832,207,156,122,0
833,208,157,123,0
834,210,161,126,0
835,212,163,128,0
836,214,165,132,0
837,216,167,134,0
838,218,169,138,0
839,218,169,138,0
840,220,169,139,0
841,220,169,139,0
842,207,167,136,0
843,206,166,135,0
844,205,162,132,0
845,202,159,129,0
846,199,154,124,0
847,202,157,127,0
848,204,158,126,0
849,204,158,126,0
850,203,157,125,0
851,202,156,124,0
852,202,156,124,0
853,195,149,117,0
854,193,137,104,0
855,196,140,107,0
856,198,143,107,0
857,201,146,110,0
858,200,147,111,0
859,201,148,112,0
860,204,149,113,0
861,207,152,116,0
862,208,152,119,0
863,209,153,120,0
864,207,156,124,0
865,208,157,125,0
866,211,160,128,0
867,213,162,130,0
868,214,165,134,0
869,217,168,137,0
870,216,170,138,0
871,217,171,139,0
872,204,166,136,0
873,206,163,133,0
874,204,161,131,0
875,204,162,127,0
876,201,159,124,0
877,203,159,126,0
878,201,157,124,0
879,200,154,122,0
880,197,151,119,0
881,193,147,113,0
882,196,135,104,0
883,199,138,107,0
884,200,145,109,0
885,202,147,111,0
886,202,149,111,0
887,203,150,112,0
888,205,150,114,0
889,208,153,117,0
890,206,152,119,0
891,207,153,120,0
892,207,156,124,0
893,208,157,125,0
894,209,160,129,0
895,211,162,131,0
896,213,164,133,0
897,214,165,134,0
898,216,170,138,0
899,216,170,138,0
900,207,164,134,0
901,204,161,131,0
902,204,160,127,0
903,203,159,126,0
904,202,158,123,0
905,201,157,122,0
906,200,154,122,0
907,197,151,119,0
908,194,148,114,0
909,191,134,99,0
910,197,137,103,0
911,200,140,106,0
912,201,144,107,0
913,202,145,108,0
914,204,147,110,0
915,205,148,111,0
916,204,149,111,0
917,207,152,114,0
918,204,154,117,0
919,206,156,119,0
920,206,157,124,0
921,206,157,124,0
922,207,158,127,0
923,210,161,130,0
924,212,163,132,0
925,213,164,133,0
926,214,168,136,0
927,216,170,138,0
928,217,171,139,0
929,206,166,137,0
930,207,165,132,0
931,204,162,129,0
932,204,162,127,0
933,201,159,124,0
934,203,157,123,0
935,201,155,121,0
936,198,152,118,0
937,197,151,117,0
938,194,148,112,0
939,191,131,97,0
940,192,132,98,0
941,194,137,102,0
942,196,139,104,0
943,198,141,104,0
944,201,144,107,0
945,202,145,108,0
946,205,148,111,0
947,204,149,111,0
948,207,152,114,0
949,203,153,116,0
950,205,155,118,0
951,205,156,123,0
952,205,156,123,0
953,207,158,125,0
954,210,161,128,0
955,211,162,131,0
956,212,163,132,0
957,214,165,132,0
958,217,168,135,0
959,218,167,135,0
960,219,168,136,0
961,212,170,137,0
962,207,165,132,0
963,207,162,132,0
964,204,159,129,0
965,205,159,125,0
966,202,156,122,0
967,203,157,123,0
968,201,155,121,0
969,200,152,114,0
970,198,150,112,0
971,193,148,107,0
972,193,138,100,0
973,194,139,101,0
974,196,139,102,0
975,198,141,104,0
976,199,142,105,0
977,203,146,109,0
978,202,147,109,0
979,205,150,112,0
980,203,153,116,0
981,205,155,118,0
982,205,156,121,0
983,205,156,121,0
984,206,157,124,0
985,207,158,125,0
986,210,159,127,0
987,210,159,127,0
988,210,161,130,0
989,216,167,136,0
990,217,163,134,0
991,216,162,133,0
992,218,169,138,0
993,214,169,139,0
994,206,161,131,0
995,207,165,132,0
996,206,164,131,0
997,206,164,129,0
998,202,160,125,0
999,204,160,123,0
1000,201,157,120,0
1001,203,155,117,0
1002,203,155,117,0
1003,197,149,109,0
1004,196,148,108,0
1005,193,149,105,0
1006,192,139,101,0
1007,194,141,103,0
1008,196,143,105,0
1009,199,146,108,0
1010,200,147,109,0
1011,202,149,111,0
1012,201,151,112,0
1013,204,154,115,0
1014,203,155,117,0
1015,205,157,119,0
1016,206,157,122,0
1017,207,158,123,0
1018,208,157,123,0
1019,207,156,122,0
1020,210,156,127,0
1021,215,161,132,0
1022,216,162,133,0
1023,219,165,136,0
1024,218,167,135,0
1025,218,167,135,0
1026,212,163,132,0
1027,218,169,138,0
1028,204,161,133,0
1029,206,163,135,0
1030,212,166,132,0
1031,209,163,129,0
1032,208,162,128,0
1033,207,161,127,0
1034,204,158,124,0
1035,203,157,123,0
1036,205,156,123,0
1037,202,153,120,0
1038,200,149,115,0
1039,198,147,113,0
1040,198,148,109,0
1041,197,147,108,0
1042,191,147,101,0
1043,191,144,101,0
1044,191,141,104,0
1045,194,141,103,0
1046,196,143,105,0
1047,196,146,107,0
1048,198,148,109,0
1049,200,150,111,0
1050,201,151,112,0
1051,203,153,116,0
1052,205,155,118,0
1053,205,155,118,0
1054,206,156,119,0
1055,208,155,119,0
1056,209,156,120,0
1057,210,156,125,0
1058,214,160,129,0
1059,213,162,130,0
1060,214,163,131,0
1061,215,164,132,0
1062,217,166,134,0
1063,216,167,134,0
1064,217,168,135,0
1065,215,171,138,0
1066,216,172,139,0
1067,212,173,139,0
1068,215,171,138,0
1069,215,171,138,0
1070,215,169,137,0
1071,214,168,136,0
1072,212,163,130,0
1073,210,161,128,0
1074,207,158,127,0
1075,207,158,127,0
1076,206,157,126,0
1077,205,156,125,0
1078,204,155,122,0
1079,200,151,118,0
1080,201,147,114,0
1081,200,146,113,0
1082,197,148,106,0
1083,197,148,106,0
1084,192,145,100,0
1085,192,145,100,0
1086,191,144,99,0
1087,191,141,104,0
1088,192,142,103,0
1089,194,144,105,0
1090,195,147,107,0
1091,196,148,108,0
1092,197,149,109,0
1093,199,151,111,0
1094,202,154,116,0
1095,204,156,118,0
1096,205,155,118,0
1097,206,156,119,0
1098,207,154,116,0
1099,209,156,118,0
1100,210,157,121,0
1101,213,160,124,0
1102,213,162,128,0
1103,214,163,129,0
1104,214,163,129,0
1105,214,163,129,0
1106,213,164,131,0
1107,214,165,132,0
1108,217,168,135,0
1109,218,169,136,0
1110,216,170,138,0
1111,216,170,138,0
1112,213,171,138,0
1113,212,170,137,0
1114,213,171,138,0
1115,213,171,138,0
1116,214,172,139,0
1117,214,172,139,0
1118,213,171,136,0
1119,212,170,135,0
1120,214,170,135,0
1121,211,167,132,0
1122,210,164,130,0
1123,209,163,129,0
1124,210,159,129,0
1125,208,157,127,0
1126,209,155,126,0
1127,207,153,124,0
1128,206,152,123,0
1129,201,147,118,0
1130,200,146,115,0
1131,200,146,115,0
1132,197,148,106,0
1133,197,148,106,0
1134,193,149,101,0
1135,191,147,99,0
1136,191,141,102,0
1137,192,142,103,0
1138,192,142,103,0
1139,192,142,103,0
1140,193,143,104,0
1141,196,146,107,0
1142,196,146,109,0
1143,194,144,107,0
1144,200,150,113,0
1145,203,153,116,0
1146,203,153,116,0
1147,204,154,117,0
1148,207,154,116,0
1149,208,155,117,0
1150,210,157,119,0
1151,212,159,121,0
1152,212,162,125,0
1153,212,162,125,0
1154,212,162,125,0
1155,213,163,126,0
1156,213,162,130,0
1157,214,163,131,0
1158,214,165,132,0
1159,216,167,134,0
1160,215,169,137,0
1161,215,169,137,0
1162,214,170,137,0
1163,214,170,137,0
1164,212,170,135,0
1165,212,170,135,0
1166,213,171,136,0
1167,213,171,136,0
1168,213,171,136,0
1169,211,169,134,0
1170,211,167,132,0
1171,211,167,132,0
1172,210,164,132,0
1173,209,163,131,0
1174,208,157,127,0
1175,208,157,127,0
1176,209,154,130,0
1177,206,151,127,0
1178,205,150,124,0
1179,201,146,120,0
1180,200,146,115,0
1181,200,146,115,0
1182,197,148,106,0
1183,198,149,107,0
1184,195,148,101,0
1185,193,146,99,0
1186,191,144,97,0
1187,191,138,102,0
1188,191,138,102,0
1189,192,142,103,0
1190,192,142,103,0
1191,192,142,103,0
1192,193,143,104,0
1193,194,144,105,0
1194,196,146,107,0
1195,196,146,107,0
1196,198,148,109,0
1197,199,149,112,0
1198,201,151,114,0
1199,202,154,114,0
1200,203,155,115,0
1201,205,155,116,0
1202,206,156,117,0
1203,207,157,118,0
1204,208,158,119,0
1205,210,160,121,0
1206,210,160,121,0
1207,211,161,124,0
1208,211,161,124,0
1209,210,161,126,0
1210,211,162,127,0
1211,214,163,131,0
1212,214,163,131,0
1213,213,164,133,0
1214,213,164,133,0
1215,211,165,133,0
1216,212,166,134,0
1217,213,169,134,0
1218,213,169,134,0
1219,211,169,134,0
1220,212,170,135,0
1221,209,167,134,0
1222,205,163,130,0
1223,208,166,133,0
1224,208,166,133,0
1225,210,164,132,0
1226,209,163,131,0
1227,209,159,131,0
1228,207,157,129,0
1229,206,154,129,0
1230,204,152,127,0
1231,205,150,126,0
1232,203,148,124,0
1233,199,148,116,0
1234,199,148,116,0
1235,197,150,107,0
1236,198,151,108,0
1237,194,150,102,0
1238,193,149,101,0
1239,194,139,103,0
1240,191,141,102,0
1241,192,142,103,0
1242,192,144,104,0
1243,193,145,105,0
1244,196,146,107,0
1245,196,146,107,0
1246,196,146,107,0
1247,196,146,107,0
1248,196,146,109,0
1249,198,148,111,0
1250,198,148,111,0
1251,200,150,113,0
1252,200,150,111,0
1253,204,154,115,0
1254,204,154,115,0
1255,206,156,117,0
1256,207,157,118,0
1257,207,157,118,0
1258,208,158,119,0
1259,208,158,119,0
1260,208,158,121,0
1261,210,160,123,0
1262,208,157,123,0
1263,206,155,121,0
1264,212,161,129,0
1265,213,162,130,0
1266,213,162,132,0
1267,213,162,132,0
1268,212,163,130,0
1269,213,164,131,0
1270,211,165,131,0
1271,211,165,131,0
1272,210,164,130,0
1273,211,165,131,0
1274,209,165,132,0
1275,209,165,132,0
1276,209,165,132,0
1277,210,166,133,0
1278,212,163,132,0
1279,211,162,131,0
1280,208,156,129,0
1281,207,155,128,0
1282,206,154,131,0
1283,205,153,130,0
1284,203,151,124,0
1285,201,149,122,0
1286,200,149,117,0
1287,199,148,116,0
1288,198,148,109,0
1289,199,149,110,0
1290,195,151,107,0
1291,193,149,105,0
1292,191,138,102,0
1293,192,139,103,0
1294,193,140,104,0
1295,192,142,105,0
1296,193,143,106,0
1297,195,147,109,0
1298,195,147,109,0
1299,197,147,108,0
1300,197,147,108,0
1301,197,147,108,0
1302,197,147,108,0
1303,198,148,109,0
1304,199,149,110,0
1305,198,150,112,0
1306,199,151,113,0
1307,199,151,111,0
1308,202,154,114,0
1309,202,154,114,0
1310,204,156,116,0
1311,205,157,117,0
1312,206,158,118,0
1313,206,156,119,0
1314,206,156,119,0
1315,206,155,121,0
1316,206,155,121,0
1317,206,155,121,0
1318,206,155,121,0
1319,208,157,125,0
1320,211,160,128,0
1321,211,160,128,0
1322,212,161,129,0
1323,211,162,129,0
1324,212,163,130,0
1325,210,164,128,0
1326,210,164,128,0
1327,208,164,129,0
1328,208,164,129,0
1329,209,163,131,0
1330,209,163,131,0
1331,209,165,132,0
1332,210,166,133,0
1333,212,163,130,0
1334,210,161,128,0
1335,206,156,128,0
1336,203,153,125,0
1337,205,155,129,0
1338,205,155,129,0
1339,204,153,123,0
1340,203,152,122,0
1341,201,150,116,0
1342,201,150,116,0
1343,199,151,111,0
1344,198,150,110,0
1345,195,151,107,0
1346,193,149,105,0
1347,192,141,109,0
1348,192,143,110,0
1349,195,146,113,0
1350,196,148,110,0
1351,196,148,110,0
1352,197,147,110,0
1353,198,148,111,0
1354,199,146,108,0
1355,200,147,109,0
1356,199,146,110,0
1357,200,147,111,0
1358,198,147,115,0
1359,199,148,116,0
1360,198,147,113,0
1361,199,148,114,0
1362,199,149,112,0
1363,203,153,116,0
1364,201,150,116,0
1365,203,152,118,0
1366,203,152,120,0
1367,203,152,120,0
1368,205,151,120,0
1369,205,151,120,0
1370,203,152,120,0
1371,204,153,121,0
1372,205,154,122,0
1373,207,156,124,0
1374,207,156,124,0
1375,208,157,125,0
1376,208,157,125,0
1377,210,159,127,0
1378,209,160,125,0
1379,209,160,125,0
1380,207,161,127,0
1381,207,161,127,0
1382,209,160,129,0
1383,210,161,130,0
1384,209,160,129,0
1385,211,162,131,0
1386,208,157,127,0
1387,206,155,125,0
1388,206,154,127,0
1389,206,154,127,0
1390,205,153,128,0
1391,206,154,129,0
1392,206,152,121,0
1393,205,151,120,0
1394,205,152,114,0
1395,205,152,114,0
1396,200,153,110,0
1397,199,152,109,0
1398,195,153,108,0
1399,192,150,105,0
1400,192,143,108,0
1401,191,145,111,0
1402,193,147,113,0
1403,194,148,114,0
1404,195,149,115,0
1405,198,148,111,0
1406,198,148,111,0
1407,200,147,109,0
1408,200,147,109,0
1409,200,147,111,0
1410,201,148,112,0
1411,199,148,116,0
1412,199,148,116,0
1413,198,148,111,0
1414,199,149,112,0
1415,198,148,111,0
1416,200,150,113,0
1417,199,150,115,0
1418,200,151,116,0
1419,200,149,117,0
1420,199,148,116,0
1421,202,148,117,0
1422,203,149,118,0
1423,201,150,118,0
1424,204,153,121,0
1425,204,153,121,0
1426,206,155,123,0
1427,206,155,121,0
1428,207,156,122,0
1429,206,157,122,0
1430,206,157,122,0
1431,205,159,123,0
1432,205,159,123,0
1433,205,159,123,0
1434,207,161,125,0
1435,209,160,127,0
1436,210,161,128,0
1437,210,159,127,0
1438,211,160,128,0
1439,206,155,123,0
1440,207,156,124,0
1441,206,155,125,0
1442,207,156,126,0
1443,206,155,125,0
1444,207,156,126,0
1445,208,154,121,0
1446,207,153,120,0
1447,208,154,113,0
1448,207,153,112,0
1449,203,151,110,0
1450,202,150,109,0
1451,197,149,109,0
1452,195,147,107,0
1453,193,147,115,0
1454,195,146,113,0
1455,196,147,114,0
1456,199,146,110,0
1457,200,147,111,0
1458,201,146,108,0
1459,202,147,109,0
1460,200,147,111,0
1461,200,147,111,0
1462,198,147,115,0
1463,198,147,115,0
1464,198,147,115,0
1465,197,146,114,0
1466,196,145,113,0
1467,197,146,114,0
1468,197,146,112,0
1469,198,147,113,0
1470,198,147,115,0
1471,198,147,115,0
1472,201,147,116,0
1473,201,147,116,0
1474,202,148,117,0
1475,203,149,118,0
1476,201,150,118,0
1477,203,152,120,0
1478,203,152,120,0
1479,204,153,121,0
1480,203,154,121,0
1481,204,155,122,0
1482,202,156,122,0
1483,203,157,123,0
1484,203,157,123,0
1485,204,158,124,0
1486,207,156,124,0
1487,208,157,125,0
1488,209,155,124,0
1489,210,156,125,0
1490,206,155,123,0
1491,206,155,123,0
1492,205,154,124,0
1493,206,155,125,0
1494,208,154,125,0
1495,209,155,126,0
1496,209,154,118,0
1497,210,155,119,0
1498,209,153,113,0
1499,208,152,112,0
1500,203,151,108,0
1501,202,150,107,0
1502,198,150,110,0
1503,196,148,108,0
1504,193,149,105,0
1505,191,145,113,0
1506,195,146,113,0
1507,196,147,114,0
1508,197,146,112,0
1509,198,147,113,0
1510,200,147,111,0
1511,200,147,111,0
1512,198,147,113,0
1513,198,147,113,0
1514,197,148,115,0
1515,197,148,115,0
1516,198,147,113,0
1517,197,146,112,0
1518,196,145,111,0
1519,197,146,112,0
1520,196,147,112,0
1521,197,148,113,0
1522,198,147,113,0
1523,198,147,113,0
1524,201,147,116,0
1525,201,147,116,0
1526,202,148,117,0
1527,203,149,118,0
1528,201,150,116,0
1529,203,152,118,0
1530,202,153,118,0
1531,202,153,118,0
1532,202,153,118,0
1533,203,154,119,0
1534,201,155,119,0
1535,202,156,120,0
1536,203,157,123,0
1537,204,158,124,0
1538,206,155,123,0
1539,207,156,124,0
1540,208,154,121,0
1541,208,154,121,0
1542,204,153,119,0
1543,204,153,119,0
1544,204,153,123,0
1545,205,154,124,0
1546,208,154,125,0
1547,208,154,125,0
1548,210,154,121,0
1549,210,154,121,0
1550,209,153,113,0
1551,208,152,112,0
1552,203,150,112,0
1553,202,149,111,0
1554,199,149,110,0
1555,197,147,108,0
1556,195,147,107,0
1557,191,143,103,0
1558,191,142,111,0
1559,192,143,112,0
1560,194,143,111,0
1561,194,143,111,0
1562,196,145,113,0
1563,196,145,113,0
1564,196,145,111,0
1565,196,145,111,0
1566,197,146,112,0
1567,197,146,112,0
1568,197,149,111,0
1569,196,148,110,0
1570,197,149,111,0
1571,196,148,110,0
1572,196,145,111,0
1573,196,145,111,0
1574,195,146,111,0
1575,196,147,112,0
1576,197,146,112,0
1577,198,147,113,0
1578,200,146,113,0
1579,200,146,113,0
1580,200,146,115,0
1581,201,147,116,0
1582,200,149,115,0
1583,203,152,118,0
1584,203,152,118,0
1585,203,152,118,0
1586,202,153,118,0
1587,202,153,118,0
1588,202,153,120,0
1589,203,154,121,0
1590,202,153,122,0
1591,203,154,123,0
1592,203,152,120,0
1593,204,153,121,0
1594,205,151,120,0
1595,205,151,120,0
1596,203,152,120,0
1597,203,152,120,0
1598,205,151,120,0
1599,206,152,121,0
1600,208,152,121,0
1601,208,152,121,0
1602,209,151,119,0
1603,208,150,118,0
1604,210,150,116,0
1605,208,148,114,0
1606,205,148,113,0
1607,204,147,112,0
1608,201,148,112,0
1609,200,147,111,0
1610,197,147,108,0
1611,194,144,105,0
1612,192,145,100,0
1613,191,144,99,0
1614,191,142,111,0
1615,191,142,111,0
1616,192,141,111,0
1617,192,141,111,0
1618,192,141,111,0
1619,192,141,111,0
1620,195,141,110,0
1621,195,141,110,0
1622,196,145,113,0
1623,194,143,111,0
1624,196,146,109,0
1625,194,144,107,0
1626,196,146,109,0
1627,194,144,107,0
1628,194,143,109,0
1629,194,143,109,0
1630,193,144,109,0
1631,195,146,111,0
1632,196,146,109,0
1633,197,147,110,0
1634,199,146,110,0
1635,199,146,110,0
1636,200,147,111,0
1637,201,148,112,0
1638,200,150,111,0
1639,201,151,112,0
1640,201,151,112,0
1641,201,151,112,0
1642,200,152,114,0
1643,200,152,114,0
1644,198,152,118,0
1645,200,154,120,0
1646,202,153,122,0
1647,203,154,123,0
1648,204,153,121,0
1649,204,153,121,0
1650,203,152,118,0
1651,201,150,116,0
1652,201,150,116,0
1653,201,150,116,0
1654,205,151,120,0
1655,205,151,120,0
1656,207,151,120,0
1657,207,151,120,0
1658,208,150,120,0
1659,206,148,118,0
1660,206,148,116,0
1661,205,147,115,0
1662,204,146,114,0
1663,204,146,114,0
1664,202,146,113,0
1665,202,146,113,0
1666,199,146,110,0
1667,198,145,109,0
1668,193,144,102,0
1669,193,144,102,0
1670,191,144,101,0
1671,196,148,128,0
1672,207,159,139,0
1673,210,158,133,0
1674,210,158,133,0
1675,195,147,125,0
1676,191,144,115,0
1677,195,145,117,0
1678,192,141,111,0
1679,192,141,111,0
1680,192,141,111,0
1681,192,141,111,0
1682,193,142,108,0
1683,193,142,108,0
1684,194,144,105,0
1685,193,143,104,0
1686,192,144,106,0
1687,192,144,106,0
1688,191,145,111,0
1689,191,145,111,0
1690,193,144,111,0
1691,195,146,113,0
1692,196,145,113,0
1693,196,145,113,0
1694,198,144,111,0
1695,199,145,112,0
1696,200,147,111,0
1697,201,148,112,0
1698,199,149,110,0
1699,199,149,110,0
1700,198,150,112,0
1701,198,150,112,0
1702,198,149,116,0
1703,198,149,116,0
1704,199,149,121,0
1705,202,152,124,0
1706,201,150,120,0
1707,203,152,122,0
1708,202,148,117,0
1709,201,147,116,0
1710,201,147,116,0
1711,202,148,117,0
1712,203,149,118,0
1713,203,149,118,0
1714,202,148,117,0
1715,202,148,117,0
1716,204,148,117,0
1717,204,148,117,0
1718,203,147,114,0
1719,202,146,113,0
1720,200,146,115,0
1721,200,146,115,0
1722,200,146,115,0
1723,200,146,115,0
1724,200,147,111,0
1725,199,146,110,0
1726,194,144,105,0
1727,194,144,105,0
1728,192,145,102,0
1729,191,144,101,0
1730,191,142,100,0
1731,196,145,124,0
1732,202,155,130,0
1733,200,152,132,0
1734,193,145,125,0
1735,191,139,112,0
1736,191,140,106,0
1737,191,140,106,0
1738,191,142,107,0
1739,191,142,107,0
1740,192,143,112,0
1741,192,143,112,0
1742,193,142,112,0
1743,194,143,113,0
1744,194,143,113,0
1745,196,145,115,0
1746,196,145,111,0
1747,197,146,112,0
1748,196,148,110,0
1749,197,149,111,0
1750,195,150,109,0
1751,195,150,109,0
1752,195,149,115,0
1753,196,150,116,0
1754,198,149,118,0
1755,199,150,119,0
1756,200,149,119,0
1757,200,149,119,0
1758,200,146,115,0
1759,200,146,115,0
1760,201,147,116,0
1761,201,147,116,0
1762,201,147,116,0
1763,200,146,115,0
1764,202,146,115,0
1765,201,145,114,0
1766,202,146,115,0
1767,202,146,115,0
1768,198,147,115,0
1769,198,147,115,0
1770,199,145,114,0
1771,199,145,114,0
1772,199,145,114,0
1773,200,146,115,0
1774,197,147,110,0
1775,197,147,110,0
1776,196,146,107,0
1777,194,144,105,0
1778,193,144,102,0
1779,192,143,101,0
1780,191,141,102,0
1781,200,144,125,0
1782,204,152,127,0
1783,215,163,138,0
1784,193,145,123,0
1785,191,141,113,0
1786,191,139,112,0
1787,192,140,113,0
1788,192,142,114,0
1789,193,143,115,0
1790,194,143,113,0
1791,194,143,113,0
1792,195,147,109,0
1793,196,148,110,0
1794,195,150,111,0
1795,194,149,110,0
1796,194,148,112,0
1797,195,149,113,0
1798,197,148,117,0
1799,198,149,118,0
1800,198,147,117,0
1801,199,148,118,0
1802,200,146,117,0
1803,200,146,117,0
1804,200,146,115,0
1805,200,146,115,0
1806,200,146,113,0
1807,200,146,113,0
1808,199,145,114,0
1809,198,144,113,0
1810,198,144,113,0
1811,198,144,113,0
1812,197,146,114,0
1813,197,146,114,0
1814,196,145,115,0
1815,196,145,115,0
1816,198,144,113,0
1817,198,144,113,0
1818,198,144,113,0
1819,196,142,111,0
1820,194,141,105,0
1821,194,141,105,0
1822,193,140,102,0
1823,193,140,102,0
1824,194,139,115,0
1825,202,147,123,0
1826,214,160,129,0
1827,221,167,136,0
1828,198,151,126,0
1829,191,141,115,0
1830,191,141,113,0
1831,191,141,113,0
1832,191,142,111,0
1833,191,142,111,0
1834,192,143,110,0
1835,193,144,111,0
1836,194,148,112,0
1837,193,147,111,0
1838,193,147,113,0
1839,193,147,113,0
1840,196,147,116,0
1841,197,148,117,0
1842,198,147,117,0
1843,198,147,117,0
1844,198,147,117,0
1845,198,147,117,0
1846,198,147,115,0
1847,198,147,115,0
1848,198,147,113,0
1849,197,146,112,0
1850,198,144,113,0
1851,194,140,109,0
1852,195,141,110,0
1853,195,141,110,0
1854,196,145,113,0
1855,194,143,111,0
1856,194,143,113,0
1857,194,143,113,0
1858,196,142,111,0
1859,198,144,113,0
1860,198,144,111,0
1861,196,142,109,0
1862,195,142,106,0
1863,195,142,106,0
1864,194,142,101,0
1865,193,141,100,0
1866,200,142,123,0
1867,202,145,119,0
1868,201,144,118,0
1869,214,159,121,0
1870,221,166,128,0
1871,220,164,120,0
1872,213,157,113,0
1873,210,147,103,0
1874,197,134,90,0
1875,212,145,109,0
1876,215,148,112,0
1877,197,150,125,0
1878,192,143,110,0
1879,195,146,113,0
1880,192,148,113,0
1881,192,148,113,0
1882,191,145,111,0
1883,195,146,113,0
1884,195,146,113,0
1885,196,145,115,0
1886,197,146,116,0
1887,197,146,116,0
1888,197,146,116,0
1889,196,147,114,0
1890,197,148,115,0
1891,196,147,112,0
1892,195,146,111,0
1893,193,142,108,0
1894,191,140,106,0
1895,191,140,106,0
1896,191,140,106,0
1897,192,141,109,0
1898,192,141,109,0
1899,194,140,111,0
1900,194,140,111,0
1901,194,140,111,0
1902,195,141,112,0
1903,198,144,113,0
1904,196,142,111,0
1905,197,142,106,0
1906,196,141,105,0
1907,195,140,102,0
1908,195,140,102,0
1909,194,135,112,0
1910,203,144,121,0
1911,212,151,124,0
1912,199,138,111,0
1913,194,132,99,0
1914,197,124,97,0
1915,218,145,118,0
1916,211,164,137,0
1917,191,142,111,0
1918,192,143,112,0
1919,193,147,115,0
1920,191,145,113,0
1921,192,148,113,0
1922,195,146,115,0
1923,195,146,115,0
1924,195,146,115,0
1925,195,146,115,0
1926,193,147,113,0
1927,193,147,113,0
1928,191,145,109,0
1929,191,140,108,0
1930,192,138,109,0
1931,193,139,110,0
1932,193,139,110,0
1933,193,139,110,0
1934,193,139,110,0
1935,194,140,111,0
1936,193,142,110,0
1937,193,142,110,0
1938,195,142,104,0
1939,195,142,104,0
1940,195,141,100,0
1941,194,140,99,0
1942,203,144,119,0
1943,201,140,113,0
1944,203,142,113,0
1945,216,162,133,0
1946,191,142,111,0
1947,191,142,111,0
1948,191,140,108,0
1949,192,142,105,0
1950,193,143,106,0
1951,192,142,103,0
1952,192,142,103,0
1953,193,141,100,0
1954,192,140,99,0
1955,191,124,84,0
1956,201,134,94,0
1957,215,154,123,0
1958,226,171,133,0
1959,191,141,104,0
1960,191,141,104,0
1961,191,141,104,0
1962,191,141,104,0
1963,199,139,105,0
1964,218,158,124,0
1965,220,162,132,0
1966,227,166,135,0
1967,229,170,131,0
1968,221,162,123,0
1969,217,164,126,0
1970,224,171,133,0
1971,206,161,131,0
1972,201,140,102,0
1973,212,151,120,0
1974,217,156,125,0
1975,218,156,123,0
1976,216,154,121,0
1977,224,164,128,0
1978,220,160,124,0
1979,214,161,125,0
1980,217,164,128,0
1981,216,172,139,0
1982,210,166,133,0
1983,196,156,129,0
1984,204,142,109,0
1985,212,150,117,0
1986,213,151,118,0
1987,212,150,117,0
1988,214,154,118,0
1989,215,155,119,0
1990,210,157,121,0
1991,210,157,121,0
1992,203,157,123,0
1993,210,164,130,0
1994,201,157,134,0
1995,192,148,125,0
1996,192,130,95,0
1997,199,137,102,0
1998,204,142,107,0
1999,211,149,114,0
2000,214,154,120,0
2001,214,154,120,0
2002,209,156,120,0
2003,208,155,119,0
2004,203,154,119,0
2005,203,154,119,0
2006,200,153,126,0
2007,198,151,124,0
2008,200,135,103,0
2009,205,145,111,0
2010,210,150,116,0
2011,205,152,116,0
2012,203,150,114,0
2013,199,150,117,0
2014,197,148,115,0
2015,195,148,121,0
2016,197,150,123,0
2017,193,147,126,0
2018,194,129,97,0
2019,194,134,100,0
2020,204,144,110,0
2021,205,152,114,0
2022,200,147,109,0
2023,196,150,114,0
2024,194,150,127,0
2025,191,119,89,0
2026,191,118,93,0
2027,194,132,99,0
2028,196,139,102,0
2029,197,140,103,0
2030,192,141,107,0
2031,192,141,107,0
2032,193,143,115,0
2033,191,122,89,0
2034,191,121,93,0
2035,191,121,93,0
2036,192,132,96,0
2037,199,139,103,0
2038,203,150,114,0
2039,202,149,113,0
2040,199,148,118,0
2041,191,122,89,0
2042,192,123,90,0
2043,192,148,115,0
2044,191,123,90,0
2045,191,127,90,0
2046,193,142,112,0
2047,191,121,95,0
2048,192,138,109,0
2049,191,122,96,0
2050,191,122,96,0
2051,191,122,96,0
2052,191,122,96,0
2053,191,122,96,0
2054,191,122,96,0
2055,191,122,96,0
2056,191,122,96,0
2057,191,122,96,0
2058,191,122,96,0
2059,191,122,98,0
2060,191,122,98,0
2061,191,122,98,0
2062,191,122,94,0
2063,191,125,100,0
2064,191,125,100,0
2065,194,124,100,0
2066,192,122,98,0
2067,191,122,96,0
2068,193,124,98,0
2069,194,129,97,0
2070,193,127,102,0
2071,191,125,100,0
2072,192,122,98,0
2073,192,122,98,0
2074,191,121,95,0
2075,192,122,96,0
2076,194,124,103,0
2077,193,123,102,0
2078,194,124,100,0
2079,192,122,98,0
2080,191,122,96,0
2081,191,122,96,0
2082,191,130,101,0
2083,192,130,106,0
2084,195,128,108,0
2085,195,128,108,0
2086,195,125,104,0
2087,193,123,102,0
2088,191,132,109,0
2089,191,127,104,0
2090,191,128,100,0
2091,191,128,100,0
2092,191,128,100,0
2093,192,129,101,0
2094,192,131,102,0
2095,191,130,99,0
2096,192,139,101,0
2097,192,139,101,0
2098,193,140,102,0
2099,193,140,102,0
2100,193,143,106,0
2101,193,138,102,0
2102,195,141,100,0
2103,195,141,100,0
2104,193,140,102,0
2105,193,140,102,0
2106,192,142,103,0
2107,191,134,99,0
2108,192,135,100,0
2109,195,138,103,0
2110,196,139,102,0
2111,196,139,102,0
2112,196,142,101,0
2113,194,140,99,0
2114,191,134,97,0
2115,193,138,102,0
2116,194,139,103,0
2117,196,141,105,0
2118,195,140,104,0
2119,195,142,104,0
2120,194,141,103,0
2121,193,141,100,0
2122,191,134,97,0
2123,191,134,97,0
2124,191,136,100,0
2125,192,138,105,0
2126,192,138,105,0
2127,195,140,104,0
2128,194,139,103,0
2129,196,141,103,0
2130,194,139,101,0
2131,195,141,100,0
2132,193,139,98,0
2133,191,137,94,0
2134,193,139,96,0
2135,195,138,101,0
2136,192,135,98,0
2137,191,141,104,0
2138,191,141,104,0
2139,194,141,105,0
2140,194,141,105,0
2141,196,144,103,0
2142,194,142,101,0
2143,195,143,100,0
2144,193,141,98,0
2145,194,140,95,0
2146,193,139,94,0
2147,194,138,98,0
2148,198,142,102,0
2149,192,132,96,0
2150,191,141,104,0
2151,193,140,102,0
2152,192,139,101,0
2153,196,142,101,0
2154,195,141,100,0
2155,197,141,99,0
2156,195,139,97,0
2157,195,139,97,0
2158,194,138,96,0
2159,197,138,97,0
2160,198,139,98,0
2161,196,139,102,0
2162,192,140,99,0
2163,192,140,99,0
2164,195,141,100,0
2165,195,141,100,0
2166,197,141,99,0
2167,196,140,98,0
2168,198,139,96,0
2169,198,139,96,0
2170,198,139,96,0
2171,198,139,96,0
2172,197,138,99,0
2173,196,137,98,0
2174,191,139,98,0
2175,192,140,99,0
2176,195,141,100,0
2177,195,141,100,0
2178,199,140,101,0
2179,198,139,100,0
2180,199,140,97,0
2181,199,140,97,0
2182,199,140,97,0
2183,198,139,96,0
2184,198,139,98,0
2185,200,141,100,0
2186,191,134,97,0
2187,191,136,100,0
2188,192,139,101,0
2189,195,140,102,0
2190,196,141,103,0
2191,197,141,101,0
2192,197,141,101,0
2193,199,140,97,0
2194,200,141,98,0
2195,199,140,97,0
2196,199,140,97,0
2197,197,141,101,0
2198,199,143,103,0
2199,197,140,105,0
2200,191,138,100,0
2201,191,138,102,0
2202,192,139,103,0
2203,195,140,104,0
2204,196,141,105,0
2205,197,140,103,0
2206,197,140,103,0
2207,198,142,100,0
2208,199,143,101,0
2209,197,143,98,0
2210,198,144,99,0
2211,196,142,99,0
2212,196,142,99,0
2213,198,143,105,0
2214,197,142,104,0
2215,197,142,106,0
2216,193,138,102,0
2217,191,135,102,0
2218,194,138,105,0
2219,195,139,106,0
2220,196,140,107,0
2221,197,140,105,0
2222,197,140,105,0
2223,197,141,101,0
2224,198,142,102,0
2225,194,142,99,0
2226,195,143,100,0
2227,194,141,103,0
2228,193,140,102,0
2229,192,139,103,0
2230,194,141,105,0
2231,200,145,109,0
2232,197,142,106,0
2233,191,136,98,0
2234,194,139,101,0
2235,195,140,104,0
2236,196,141,105,0
2237,194,140,107,0
2238,194,140,107,0
2239,196,141,105,0
2240,196,141,105,0
2241,194,142,101,0
2242,195,143,102,0
2243,192,143,101,0
2244,192,143,101,0
2245,194,141,103,0
2246,193,140,102,0
2247,193,140,104,0
2248,193,140,104,0
2249,193,140,104,0
2250,191,138,102,0
2251,191,135,95,0
2252,195,139,99,0
2253,196,139,102,0
2254,197,140,103,0
2255,196,141,103,0
2256,196,141,103,0
2257,196,141,105,0
2258,196,141,105,0
2259,195,140,102,0
2260,196,141,103,0
2261,194,140,99,0
2262,196,142,101,0
2263,196,139,102,0
2264,196,139,102,0
2265,194,137,102,0
2266,195,138,103,0
2267,192,135,100,0
2268,192,135,100,0
2269,191,131,97,0
2270,191,135,95,0
2271,195,139,99,0
2272,196,140,98,0
2273,197,141,99,0
2274,197,140,103,0
2275,197,140,103,0
2276,197,140,103,0
2277,197,140,103,0
2278,195,141,100,0
2279,195,141,100,0
2280,193,141,100,0
2281,194,142,101,0
2282,197,140,103,0
2283,196,139,102,0
2284,196,139,102,0
2285,196,139,102,0
2286,194,139,101,0
2287,193,138,100,0
2288,192,132,96,0
2289,192,133,94,0
2290,193,134,95,0
2291,196,137,96,0
2292,198,139,98,0
2293,198,139,100,0
2294,198,139,100,0
2295,198,139,100,0
2296,198,139,100,0
2297,195,139,99,0
2298,196,140,100,0
2299,195,139,99,0
2300,197,141,101,0
2301,197,140,103,0
2302,196,139,102,0
2303,198,138,102,0
2304,198,138,102,0
2305,194,138,98,0
2306,192,136,96,0
2307,191,135,95,0
2308,202,158,123,0
2309,201,154,127,0
2310,192,130,95,0
2311,193,132,92,0
2312,194,133,93,0
2313,195,134,94,0
2314,197,136,96,0
2315,197,138,97,0
2316,198,139,98,0
2317,196,140,98,0
2318,196,140,98,0
2319,197,138,99,0
2320,199,140,101,0
2321,197,140,103,0
2322,197,140,103,0
2323,197,141,101,0
2324,196,140,100,0
2325,195,139,99,0
2326,195,139,99,0
2327,194,138,96,0
2328,195,139,97,0
2329,207,153,122,0
2330,196,148,110,0
2331,200,152,114,0
2332,210,160,132,0
2333,211,161,133,0
2334,202,147,121,0
2335,198,143,117,0
2336,191,127,88,0
2337,193,129,90,0
2338,195,131,92,0
2339,195,131,92,0
2340,197,136,96,0
2341,198,137,97,0
2342,197,138,97,0
2343,197,138,97,0
2344,197,137,101,0
2345,199,139,103,0
2346,197,140,103,0
2347,197,140,103,0
2348,198,142,102,0
2349,197,141,101,0
2350,198,139,98,0
2351,197,138,97,0
2352,194,138,96,0
2353,192,136,94,0
2354,210,156,127,0
2355,207,162,123,0
2356,201,156,117,0
2357,212,163,132,0
2358,214,165,134,0
2359,214,162,137,0
2360,206,154,129,0
2361,204,157,132,0
2362,191,124,86,0
2363,194,127,89,0
2364,195,128,92,0
2365,196,129,93,0
2366,194,133,95,0
2367,197,136,98,0
2368,197,138,99,0
2369,197,138,99,0
2370,196,139,102,0
2371,197,140,103,0
2372,197,140,103,0
2373,198,141,104,0
2374,199,143,103,0
2375,198,142,102,0
2376,199,140,99,0
2377,198,139,98,0
2378,195,139,97,0
2379,192,136,94,0
2380,195,145,121,0
2381,191,144,115,0
2382,194,147,118,0
2383,195,149,115,0
2384,210,158,131,0
2385,205,157,119,0
2386,204,156,118,0
2387,207,158,125,0
2388,217,168,135,0
2389,214,163,133,0
2390,211,160,130,0
2391,205,156,125,0
2392,204,155,124,0
2393,191,144,117,0
2394,191,124,86,0
2395,193,126,88,0
2396,195,128,90,0
2397,197,130,92,0
2398,194,133,93,0
2399,194,133,93,0
2400,195,134,96,0
2401,195,134,96,0
2402,194,134,98,0
2403,198,138,102,0
2404,198,138,102,0
2405,200,140,104,0
2406,201,142,103,0
2407,200,141,102,0
2408,199,140,97,0
2409,198,139,96,0
2410,198,139,98,0
2411,197,138,97,0
2412,191,137,94,0
2413,194,139,115,0
2414,205,150,126,0
2415,197,148,117,0
2416,196,147,116,0
2417,198,149,116,0
2418,201,149,122,0
2419,200,152,112,0
2420,202,154,114,0
2421,206,156,119,0
2422,212,162,125,0
2423,210,159,127,0
2424,211,160,128,0
2425,210,161,130,0
2426,203,154,123,0
2427,196,149,120,0
2428,194,147,118,0
2429,191,124,86,0
2430,193,126,88,0
2431,194,127,87,0
2432,195,128,88,0
2433,193,132,92,0
2434,194,133,93,0
2435,194,133,95,0
2436,195,134,96,0
2437,196,136,100,0
2438,198,138,102,0
2439,198,138,102,0
2440,200,140,104,0
2441,201,140,102,0
2442,201,140,102,0
2443,201,140,102,0
2444,200,139,101,0
2445,199,138,100,0
2446,198,137,99,0
2447,196,137,98,0
2448,193,134,95,0
2449,200,146,117,0
2450,202,148,119,0
2451,204,153,123,0
2452,199,148,118,0
2453,202,153,120,0
2454,197,148,115,0
2455,199,148,118,0
2456,203,153,114,0
2457,201,151,112,0
2458,205,155,118,0
2459,208,158,121,0
2460,206,157,124,0
2461,206,157,124,0
2462,202,156,124,0
2463,200,154,122,0
2464,197,154,124,0
2465,199,156,126,0
2466,196,149,120,0
2467,193,146,117,0
2468,191,124,86,0
2469,193,126,88,0
2470,194,127,87,0
2471,195,128,88,0
2472,194,130,93,0
2473,195,131,94,0
2474,195,131,94,0
2475,196,132,95,0
2476,194,132,97,0
2477,197,135,100,0
2478,197,135,100,0
2479,199,137,102,0
2480,200,138,103,0
2481,200,138,103,0
2482,204,136,103,0
2483,203,135,102,0
2484,203,136,98,0
2485,202,135,97,0
2486,197,136,98,0
2487,195,134,96,0
2488,191,135,95,0
2489,194,140,109,0
2490,201,145,114,0
2491,205,149,118,0
2492,203,152,120,0
2493,199,148,116,0
2494,197,146,112,0
2495,194,143,109,0
2496,192,141,111,0
2497,206,153,115,0
2498,207,154,116,0
2499,206,156,119,0
2500,207,157,120,0
2501,207,156,122,0
2502,208,157,123,0
2503,203,157,125,0
2504,201,155,123,0
2505,197,154,124,0
2506,194,151,121,0
2507,194,149,121,0
2508,191,144,117,0
2509,191,124,86,0
2510,193,126,88,0
2511,194,127,89,0
2512,192,128,91,0
2513,193,129,92,0
2514,193,131,96,0
2515,193,131,96,0
2516,194,132,97,0
2517,197,135,100,0
2518,196,136,102,0
2519,197,137,103,0
2520,200,135,103,0
2521,200,135,103,0
2522,204,135,102,0
2523,203,134,101,0
2524,202,135,99,0
2525,202,135,99,0
2526,197,136,98,0
2527,195,134,96,0
2528,193,134,95,0
2529,192,133,94,0
2530,191,131,95,0
2531,191,131,95,0
2532,191,131,97,0
2533,192,142,105,0
2534,200,149,117,0
2535,203,152,120,0
2536,203,155,117,0
2537,202,154,116,0
2538,198,150,112,0
2539,192,144,106,0
2540,200,145,109,0
2541,210,155,119,0
2542,207,154,118,0
2543,208,155,119,0
2544,207,156,122,0
2545,207,156,122,0
2546,207,156,124,0
2547,206,155,123,0
2548,201,154,125,0
2549,198,151,122,0
2550,196,149,120,0
2551,194,147,118,0
2552,193,126,88,0
2553,193,126,88,0
2554,191,130,92,0
2555,192,132,96,0
2556,191,131,95,0
2557,193,133,97,0
2558,194,134,98,0
2559,193,133,99,0
2560,194,134,100,0
2561,197,132,100,0
2562,199,134,102,0
2563,202,134,101,0
2564,202,134,101,0
2565,202,135,97,0
2566,201,134,96,0
2567,197,136,98,0
2568,197,136,98,0
2569,194,135,96,0
2570,193,134,95,0
2571,193,133,97,0
2572,192,132,96,0
2573,191,131,97,0
2574,191,131,97,0
2575,191,143,105,0
2576,197,151,117,0
2577,201,155,121,0
2578,202,158,121,0
2579,207,163,126,0
2580,197,147,110,0
2581,193,143,106,0
2582,193,139,106,0
2583,202,148,115,0
2584,208,155,119,0
2585,209,156,120,0
2586,212,158,127,0
2587,210,156,125,0
2588,212,161,129,0
2589,207,156,124,0
2590,205,156,125,0
2591,203,154,123,0
2592,202,152,124,0
2593,205,155,127,0
2594,193,142,112,0
2595,193,132,92,0
2596,191,131,95,0
2597,191,131,95,0
2598,192,132,96,0
2599,193,133,97,0
2600,193,133,99,0
2601,194,134,100,0
2602,197,132,100,0
2603,197,132,100,0
2604,199,131,98,0
2605,201,133,100,0
2606,202,135,99,0
2607,202,135,99,0
2608,198,137,97,0
2609,199,138,98,0
2610,197,138,97,0
2611,194,135,94,0
2612,193,133,97,0
2613,192,132,96,0
2614,197,151,117,0
2615,200,154,120,0
2616,203,157,121,0
2617,203,157,121,0
2618,198,150,112,0
2619,195,147,109,0
2620,193,139,108,0
2621,203,147,114,0
2622,211,155,122,0
2623,214,158,125,0
2624,217,161,128,0
2625,216,160,129,0
2626,212,156,125,0
2627,206,155,123,0
2628,205,154,122,0
2629,201,150,120,0
2630,203,152,122,0
2631,198,147,115,0
2632,191,131,95,0
2633,192,132,96,0
2634,192,130,97,0
2635,193,131,98,0
2636,196,131,99,0
2637,196,131,99,0
2638,199,134,100,0
2639,199,134,100,0
2640,197,136,98,0
2641,198,137,99,0
2642,197,138,97,0
2643,198,139,98,0
2644,197,138,97,0
2645,196,137,96,0
2646,191,135,95,0
2647,191,135,95,0
2648,195,146,111,0
2649,196,147,112,0
2650,198,152,118,0
2651,201,155,121,0
2652,202,156,122,0
2653,201,155,121,0
2654,199,151,113,0
2655,195,147,109,0
2656,191,141,102,0
2657,193,138,102,0
2658,204,149,113,0
2659,211,154,119,0
2660,211,154,119,0
2661,216,158,128,0
2662,215,157,127,0
2663,210,156,125,0
2664,209,155,124,0
2665,204,153,121,0
2666,200,149,117,0
2667,200,149,115,0
2668,191,131,97,0
2669,191,129,96,0
2670,192,130,97,0
2671,193,131,98,0
2672,194,132,99,0
2673,197,135,102,0
2674,198,136,103,0
2675,195,139,99,0
2676,196,140,100,0
2677,195,139,95,0
2678,195,139,95,0
2679,195,139,97,0
2680,195,139,97,0
2681,192,135,98,0
2682,191,134,97,0
2683,191,134,99,0
2684,191,135,104,0
2685,196,145,111,0
2686,197,146,112,0
2687,200,151,120,0
2688,202,153,122,0
2689,205,156,125,0
2690,203,154,123,0
2691,200,151,116,0
2692,193,144,109,0
2693,192,139,101,0
2694,199,146,108,0
2695,206,149,114,0
2696,210,153,118,0
2697,214,158,125,0
2698,214,158,125,0
2699,210,159,127,0
2700,210,159,127,0
2701,205,154,122,0
2702,198,147,115,0
2703,201,147,114,0
2704,192,130,97,0
2705,194,132,99,0
2706,194,134,100,0
2707,194,134,100,0
2708,194,134,98,0
2709,196,136,100,0
2710,192,136,96,0
2711,192,136,96,0
2712,192,136,96,0
2713,194,138,98,0
2714,194,134,98,0
2715,194,134,98,0
2716,193,132,101,0
2717,193,132,101,0
2718,191,135,104,0
2719,193,137,106,0
2720,191,135,104,0
2721,192,138,105,0
2722,192,143,110,0
2723,198,149,116,0
2724,200,155,125,0
2725,202,157,127,0
2726,205,159,127,0
2727,204,158,126,0
2728,203,158,119,0
2729,194,149,110,0
2730,193,136,110,0
2731,199,142,105,0
2732,202,145,108,0
2733,206,149,112,0
2734,210,153,116,0
2735,214,159,123,0
2736,215,160,124,0
2737,212,163,128,0
2738,210,161,126,0
2739,204,158,124,0
2740,201,155,121,0
2741,199,150,117,0
2742,191,131,97,0
2743,192,132,98,0
2744,193,133,99,0
2745,193,133,99,0
2746,191,134,97,0
2747,192,135,98,0
2748,191,134,97,0
2749,192,135,98,0
2750,192,135,98,0
2751,195,138,101,0
2752,195,138,103,0
2753,195,138,103,0
2754,196,135,106,0
2755,194,133,104,0
2756,191,133,105,0
2757,191,135,104,0
2758,192,138,105,0
2759,199,150,119,0
2760,200,155,125,0
2761,204,159,129,0
2762,209,163,131,0
2763,209,163,131,0
2764,216,168,128,0
2765,206,158,118,0
2766,201,144,109,0
2767,203,146,111,0
2768,205,149,109,0
2769,210,154,114,0
2770,212,159,121,0
2771,216,163,125,0
2772,212,167,128,0
2773,211,166,127,0
2774,211,165,129,0
2775,215,169,133,0
2776,205,156,121,0
2777,191,145,113,0
2778,191,130,99,0
2779,192,131,100,0
2780,192,131,100,0
2781,192,132,98,0
2782,192,132,98,0
2783,192,132,98,0
2784,193,133,99,0
2785,193,132,101,0
2786,196,135,104,0
2787,195,132,104,0
2788,198,135,107,0
2789,194,133,104,0
2790,194,133,104,0
2791,191,133,105,0
2792,191,134,99,0
2793,192,147,117,0
2794,200,155,125,0
2795,201,156,130,0
2796,208,163,137,0
2797,210,166,133,0
2798,211,167,134,0
2799,219,171,133,0
2800,207,159,121,0
2801,191,139,98,0
2802,192,134,104,0
2803,201,143,113,0
2804,205,150,112,0
2805,209,154,116,0
2806,214,161,123,0
2807,217,164,126,0
2808,214,166,126,0
2809,213,165,125,0
2810,211,166,127,0
2811,214,169,130,0
2812,208,162,128,0
2813,195,149,115,0
2814,193,148,118,0
2815,191,129,96,0
2816,192,130,97,0
2817,192,129,99,0
2818,193,130,100,0
2819,192,132,98,0
2820,193,133,99,0
2821,191,134,99,0
2822,193,133,99,0
2823,194,134,100,0
2824,194,133,102,0
2825,197,136,105,0
2826,197,136,107,0
2827,198,137,108,0
2828,197,136,107,0
2829,197,136,107,0
2830,191,133,105,0
2831,195,142,106,0
2832,198,148,120,0
2833,205,155,127,0
2834,206,161,133,0
2835,210,165,137,0
2836,214,168,136,0
2837,215,169,137,0
2838,224,174,137,0
2839,206,156,119,0
2840,193,140,102,0
2841,191,138,100,0
2842,201,144,107,0
2843,208,151,114,0
2844,209,154,116,0
2845,216,161,123,0
2846,212,165,122,0
2847,212,165,122,0
2848,209,166,124,0
2849,207,164,122,0
2850,209,164,125,0
2851,197,152,113,0
2852,193,151,118,0
2853,193,151,118,0
2854,191,128,98,0
2855,192,129,99,0
2856,193,130,102,0
2857,193,130,102,0
2858,191,133,101,0
2859,191,133,101,0
2860,191,133,101,0
2861,191,133,101,0
2862,193,132,101,0
2863,193,132,101,0
2864,194,131,103,0
2865,198,135,107,0
2866,198,135,107,0
2867,199,136,108,0
2868,196,135,108,0
2869,196,135,108,0
2870,191,133,105,0
2871,193,139,106,0
2872,194,140,107,0
2873,202,152,124,0
2874,212,162,134,0
2875,209,162,135,0
2876,215,168,139,0
2877,220,169,137,0
2878,204,153,121,0
2879,192,139,103,0
2880,191,138,102,0
2881,197,141,108,0
2882,198,142,109,0
2883,203,147,114,0
2884,207,151,118,0
2885,212,159,123,0
2886,210,157,121,0
2887,210,162,122,0
2888,207,159,119,0
2889,204,159,118,0
2890,205,160,119,0
2891,202,158,123,0
2892,196,152,117,0
2893,191,131,97,0
2894,193,130,100,0
2895,194,131,101,0
2896,193,132,103,0
2897,193,132,103,0
2898,191,133,103,0
2899,191,133,103,0
2900,191,133,103,0
2901,191,133,103,0
2902,194,133,104,0
2903,194,133,104,0
2904,197,134,104,0
2905,199,136,106,0
2906,196,138,108,0
2907,197,139,109,0
2908,193,139,110,0
2909,192,138,109,0
2910,193,140,104,0
2911,196,145,111,0
2912,200,149,115,0
2913,206,156,128,0
2914,213,163,135,0
2915,219,165,134,0
2916,208,154,123,0
2917,191,137,106,0
2918,195,141,110,0
2919,193,140,102,0
2920,196,135,108,0
2921,198,137,110,0
2922,202,144,114,0
2923,204,146,116,0
2924,202,145,110,0
2925,211,154,119,0
2926,210,157,119,0
2927,209,156,118,0
2928,209,161,121,0
2929,203,155,115,0
2930,204,155,122,0
2931,211,162,129,0
2932,191,131,97,0
2933,193,130,100,0
2934,195,132,102,0
2935,196,135,104,0
2936,196,135,104,0
2937,193,137,104,0
2938,191,135,102,0
2939,192,134,104,0
2940,192,134,104,0
2941,194,133,104,0
2942,192,131,102,0
2943,194,133,102,0
2944,197,136,105,0
2945,195,137,107,0
2946,197,139,109,0
2947,194,138,109,0
2948,194,138,109,0
2949,192,139,103,0
2950,193,140,104,0
2951,196,147,112,0
2952,203,154,119,0
2953,210,163,134,0
2954,217,167,139,0
2955,217,163,134,0
2956,213,159,130,0
2957,195,141,110,0
2958,193,139,108,0
2959,193,140,102,0
2960,196,134,110,0
2961,197,139,111,0
2962,202,144,116,0
2963,203,145,115,0
2964,206,148,118,0
2965,213,160,122,0
2966,206,153,115,0
2967,203,155,115,0
2968,200,152,112,0
2969,198,149,114,0
2970,203,154,119,0
2971,197,155,120,0
2972,193,130,102,0
2973,194,131,103,0
2974,196,135,106,0
2975,194,133,104,0
2976,194,136,104,0
2977,192,134,102,0
2978,192,134,104,0
2979,192,134,104,0
2980,196,135,106,0
2981,196,135,106,0
2982,197,136,105,0
2983,198,137,106,0
2984,197,139,107,0
2985,197,139,107,0
2986,196,140,111,0
2987,195,139,110,0
2988,192,138,105,0
2989,194,140,107,0
2990,195,141,108,0
2991,199,145,112,0
2992,204,155,120,0
2993,212,163,128,0
2994,214,169,139,0
2995,216,161,135,0
2996,202,146,115,0
2997,197,141,110,0
2998,197,142,104,0
2999,193,138,100,0
3000,197,133,110,0
3001,193,132,105,0
3002,198,137,110,0
3003,198,142,111,0
3004,201,145,114,0
3005,203,150,112,0
3006,203,150,112,0
3007,202,154,114,0
3008,203,155,115,0
3009,198,150,112,0
3010,210,162,124,0
3011,201,151,114,0
3012,192,132,98,0
3013,192,132,98,0
3014,194,131,101,0
3015,195,132,102,0
3016,195,138,103,0
3017,196,139,104,0
3018,195,140,104,0
3019,194,139,103,0
3020,196,138,106,0
3021,195,137,105,0
3022,196,138,106,0
3023,196,138,106,0
3024,198,138,104,0
3025,198,138,104,0
3026,199,139,105,0
3027,200,140,106,0
3028,198,140,108,0
3029,197,139,107,0
3030,194,138,107,0
3031,192,138,105,0
3032,194,141,105,0
3033,198,145,109,0
3034,202,147,111,0
3035,205,150,114,0
3036,211,165,133,0
3037,219,168,138,0
3038,215,164,134,0
3039,208,154,123,0
3040,196,142,111,0
3041,198,143,107,0
3042,191,136,100,0
3043,191,132,107,0
3044,200,144,113,0
3045,198,142,111,0
3046,199,146,110,0
3047,199,146,110,0
3048,200,150,111,0
3049,194,144,105,0
3050,193,145,107,0
3051,199,146,110,0
3052,193,140,104,0
3053,193,132,103,0
3054,194,133,104,0
3055,195,138,103,0
3056,196,139,104,0
3057,195,140,104,0
3058,196,141,105,0
3059,196,138,106,0
3060,196,138,106,0
3061,199,138,109,0
3062,199,138,109,0
3063,199,139,105,0
3064,200,140,106,0
3065,203,143,107,0
3066,204,144,108,0
3067,201,144,107,0
3068,198,141,104,0
3069,197,140,105,0
3070,194,137,102,0
3071,193,133,99,0
3072,191,131,97,0
3073,194,141,105,0
3074,198,145,107,0
3075,200,147,109,0
3076,210,160,123,0
3077,212,162,125,0
3078,212,165,138,0
3079,218,166,139,0
3080,215,163,136,0
3081,213,159,128,0
3082,205,151,120,0
3083,198,145,109,0
3084,193,139,108,0
3085,192,142,103,0
3086,192,142,103,0
3087,191,134,97,0
3088,191,134,97,0
3089,194,134,100,0
3090,194,134,100,0
3091,194,137,102,0
3092,195,138,103,0
3093,195,140,104,0
3094,196,141,105,0
3095,196,140,107,0
3096,196,140,107,0
3097,197,139,109,0
3098,197,139,109,0
3099,200,140,106,0
3100,201,141,107,0
3101,203,143,107,0
3102,204,144,108,0
3103,203,143,107,0
3104,201,141,105,0
3105,199,139,103,0
3106,198,138,102,0
3107,194,134,98,0
3108,193,133,97,0
3109,191,131,97,0
3110,191,136,100,0
3111,198,143,107,0
3112,203,146,109,0
3113,202,145,108,0
3114,212,158,127,0
3115,214,160,129,0
3116,211,164,139,0
3117,216,166,138,0
3118,213,159,130,0
3119,210,156,127,0
3120,200,147,111,0
3121,191,132,93,0
3122,192,132,96,0
3123,193,133,97,0
3124,194,134,98,0
3125,194,134,98,0
3126,194,137,100,0
3127,195,138,101,0
3128,193,140,104,0
3129,193,140,104,0
3130,194,140,107,0
3131,194,140,107,0
3132,198,140,110,0
3133,199,141,111,0
3134,199,142,107,0
3135,201,144,109,0
3136,202,145,108,0
3137,202,145,108,0
3138,201,144,107,0
3139,199,142,105,0
3140,198,141,104,0
3141,196,139,102,0
3142,195,138,101,0
3143,192,135,98,0
3144,193,132,101,0
3145,191,130,99,0
3146,191,133,101,0
3147,201,143,111,0
3148,205,150,114,0
3149,207,152,116,0
3150,210,159,129,0
3151,213,162,132,0
3152,217,167,139,0
3153,213,162,132,0
3154,208,157,127,0
3155,203,149,118,0
3156,192,138,107,0
3157,191,131,95,0
3158,193,133,97,0
3159,193,133,97,0
3160,193,133,97,0
3161,192,136,96,0
3162,192,136,96,0
3163,191,138,100,0
3164,192,139,101,0
3165,194,141,105,0
3166,194,141,105,0
3167,195,141,108,0
3168,196,142,109,0
3169,198,145,109,0
3170,198,145,109,0
3171,201,146,108,0
3172,201,146,108,0
3173,200,145,107,0
3174,200,145,107,0
3175,197,142,104,0
3176,196,141,103,0
3177,195,140,104,0
3178,194,139,103,0
3179,194,136,104,0
3180,191,133,101,0
3181,193,132,105,0
3182,192,131,104,0
3183,191,133,105,0
3184,192,134,106,0
3185,196,138,108,0
3186,198,140,110,0
3187,202,148,115,0
3188,207,153,120,0
3189,211,161,135,0
3190,215,164,134,0
3191,207,156,126,0
3192,209,153,122,0
3193,197,141,110,0
3194,192,132,96,0
3195,192,132,96,0
3196,192,132,96,0
3197,191,138,102,0
3198,193,140,104,0
3199,194,140,109,0
3200,195,141,110,0
3201,198,145,109,0
3202,198,145,109,0
3203,200,145,107,0
3204,200,145,107,0
3205,200,145,109,0
3206,198,143,107,0
3207,197,141,108,0
3208,196,140,107,0
3209,195,139,106,0
3210,194,138,105,0
3211,195,137,107,0
3212,194,136,106,0
3213,196,135,106,0
3214,194,133,104,0
3215,193,132,105,0
3216,192,131,104,0
3217,192,134,106,0
3218,200,144,113,0
3219,205,149,118,0
3220,203,152,122,0
3221,207,156,126,0
3222,209,158,137,0
3223,210,155,129,0
3224,207,151,120,0
3225,202,146,115,0
3226,193,137,104,0
3227,191,131,97,0
3228,191,135,102,0
3229,195,139,106,0
3230,195,142,106,0
3231,196,143,107,0
3232,198,145,109,0
3233,198,145,109,0
3234,198,145,107,0
3235,198,145,107,0
3236,198,145,109,0
3237,198,145,109,0
3238,196,142,109,0
3239,194,140,107,0
3240,193,139,108,0
3241,193,139,108,0
3242,195,139,108,0
3243,195,139,108,0
3244,198,137,106,0
3245,197,136,105,0
3246,194,133,102,0
3247,192,131,100,0
3248,195,139,110,0
3249,203,149,120,0
3250,209,155,126,0
3251,202,155,126,0
3252,208,161,132,0
3253,218,166,139,0
3254,212,160,133,0
3255,208,154,121,0
3256,201,147,114,0
3257,197,141,108,0
3258,192,132,96,0
3259,191,131,95,0
3260,191,134,97,0
3261,191,136,100,0
3262,194,139,103,0
3263,196,141,105,0
3264,196,141,105,0
3265,195,142,106,0
3266,196,143,107,0
3267,198,145,109,0
3268,196,143,107,0
3269,198,144,113,0
3270,196,142,111,0
3271,195,141,112,0
3272,194,140,111,0
3273,194,140,109,0
3274,194,140,109,0
3275,196,140,107,0
3276,196,140,107,0
3277,198,138,104,0
3278,197,137,103,0
3279,196,135,104,0
3280,193,132,101,0
3281,191,140,110,0
3282,198,147,117,0
3283,199,149,121,0
3284,202,152,124,0
3285,204,157,132,0
3286,218,166,139,0
3287,213,161,134,0
3288,213,159,126,0
3289,203,149,116,0
3290,202,148,115,0
3291,191,130,99,0
3292,191,134,99,0
3293,191,134,99,0
3294,191,134,97,0
3295,192,135,98,0
3296,193,138,100,0
3297,195,140,102,0
3298,194,141,105,0
3299,194,141,105,0
3300,196,143,105,0
3301,198,145,107,0
3302,198,145,109,0
3303,198,145,109,0
3304,198,144,113,0
3305,198,144,113,0
3306,196,145,113,0
3307,194,143,111,0
3308,194,143,111,0
3309,194,143,111,0
3310,198,143,107,0
3311,197,142,106,0
3312,199,139,105,0
3313,198,138,104,0
3314,195,138,103,0
3315,191,134,99,0
3316,193,138,112,0
3317,196,146,120,0
3318,199,149,123,0
3319,200,153,126,0
3320,208,161,134,0
3321,218,166,139,0
3322,213,161,134,0
3323,209,155,124,0
3324,205,151,120,0
3325,198,148,111,0
3326,192,132,98,0
3327,192,132,98,0
3328,191,134,99,0
3329,193,138,102,0
3330,194,139,103,0
3331,191,141,104,0
3332,192,142,105,0
3333,192,142,105,0
3334,192,142,105,0
3335,193,143,104,0
3336,194,144,105,0
3337,198,145,109,0
3338,199,146,110,0
3339,199,145,114,0
3340,199,145,114,0
3341,197,146,114,0
3342,196,145,113,0
3343,196,145,111,0
3344,196,145,111,0
3345,200,145,109,0
3346,198,143,107,0
3347,200,140,106,0
3348,198,138,104,0
3349,195,138,103,0
3350,191,134,99,0
3351,192,137,111,0
3352,196,141,115,0
3353,200,148,123,0
3354,204,152,127,0
3355,200,148,121,0
3356,213,161,134,0
3357,214,164,138,0
3358,205,154,122,0
3359,201,150,118,0
3360,197,147,110,0
3361,191,130,99,0
3362,192,132,98,0
3363,192,132,98,0
3364,193,133,99,0
3365,194,134,100,0
3366,192,138,105,0
3367,193,139,106,0
3368,191,140,106,0
3369,192,141,107,0
3370,192,142,105,0
3371,192,142,105,0
3372,193,143,106,0
3373,194,144,107,0
3374,196,146,109,0
3375,198,148,111,0
3376,198,147,115,0
3377,198,147,115,0
3378,198,147,113,0
3379,197,146,112,0
3380,197,147,110,0
3381,197,147,110,0
3382,199,146,110,0
3383,199,146,110,0
3384,198,145,107,0
3385,195,142,104,0
3386,194,141,103,0
3387,192,139,101,0
3388,191,138,102,0
3389,197,145,118,0
3390,205,153,128,0
3391,206,154,129,0
3392,211,159,134,0
3393,215,163,138,0
3394,207,156,126,0
3395,203,152,122,0
3396,197,146,112,0
3397,191,140,106,0
3398,191,131,97,0
3399,191,131,95,0
3400,192,132,96,0
3401,193,133,99,0
3402,193,133,99,0
3403,191,137,106,0
3404,192,138,107,0
3405,191,140,108,0
3406,191,140,108,0
3407,192,141,109,0
3408,192,141,109,0
3409,193,142,108,0
3410,196,145,111,0
3411,197,146,112,0
3412,199,148,114,0
3413,201,147,114,0
3414,201,147,114,0
3415,198,147,113,0
3416,198,147,113,0
3417,197,146,112,0
3418,196,145,111,0
3419,197,147,110,0
3420,197,147,110,0
3421,199,146,108,0
3422,196,143,105,0
3423,193,143,104,0
3424,192,140,113,0
3425,200,148,121,0
3426,206,156,128,0
3427,210,160,132,0
3428,210,155,129,0
3429,205,150,124,0
3430,199,145,114,0
3431,194,140,109,0
3432,192,132,98,0
3433,191,134,99,0
3434,192,138,107,0
3435,191,140,108,0
3436,192,142,105,0
3437,192,142,105,0
3438,193,143,106,0
3439,196,146,109,0
3440,199,146,110,0
3441,201,148,112,0
3442,202,149,113,0
3443,202,149,113,0
3444,199,149,110,0
3445,198,148,109,0
3446,197,149,109,0
3447,197,149,109,0
3448,197,149,109,0
3449,197,149,109,0
3450,198,148,111,0
3451,197,147,110,0
3452,196,146,109,0
3453,192,142,105,0
3454,192,141,107,0
3455,191,140,108,0
3456,196,145,113,0
3457,198,149,118,0
3458,203,154,123,0
3459,210,158,131,0
3460,214,162,135,0
3461,212,157,133,0
3462,206,151,127,0
3463,198,144,115,0
3464,194,140,111,0
3465,192,138,109,0
3466,195,141,112,0
3467,192,138,107,0
3468,193,139,108,0
3469,193,140,104,0
3470,193,140,104,0
3471,194,141,105,0
3472,196,143,107,0
3473,199,146,110,0
3474,201,148,112,0
3475,203,150,112,0
3476,203,150,112,0
3477,200,151,109,0
3478,198,149,107,0
3479,198,149,107,0
3480,197,148,106,0
3481,200,147,109,0
3482,200,147,109,0
3483,198,148,111,0
3484,197,147,110,0
3485,196,145,113,0
3486,192,141,109,0
3487,194,140,109,0
3488,192,138,107,0
3489,192,139,103,0
3490,192,131,102,0
3491,195,139,108,0
3492,200,144,113,0
3493,198,151,122,0
3494,203,156,127,0
3495,212,162,138,0
3496,214,159,133,0
3497,209,154,128,0
3498,201,147,118,0
3499,194,140,111,0
3500,195,140,114,0
3501,193,138,112,0
3502,191,137,104,0
3503,192,138,105,0
3504,192,139,103,0
3505,192,139,103,0
3506,195,140,102,0
3507,196,141,103,0
3508,199,142,107,0
3509,203,146,111,0
3510,206,149,112,0
3511,205,148,111,0
3512,201,149,106,0
3513,200,148,105,0
3514,198,149,105,0
3515,198,149,105,0
3516,200,147,109,0
3517,200,147,109,0
3518,198,148,111,0
3519,198,148,111,0
3520,197,146,114,0
3521,194,143,111,0
3522,193,142,110,0
3523,192,141,109,0
3524,192,134,104,0
3525,196,142,109,0
3526,200,146,113,0
3527,198,152,120,0
3528,205,159,127,0
3529,211,164,139,0
3530,215,161,132,0
3531,202,148,119,0
3532,203,149,120,0
3533,198,144,115,0
3534,194,139,113,0
3535,192,137,111,0
3536,191,134,99,0
3537,192,135,100,0
3538,192,135,100,0
3539,192,135,100,0
3540,192,134,102,0
3541,194,136,104,0
3542,198,137,106,0
3543,201,140,109,0
3544,202,145,108,0
3545,203,146,109,0
3546,200,148,105,0
3547,200,148,105,0
3548,200,148,105,0
3549,200,148,105,0
3550,201,149,108,0
3551,200,148,107,0
3552,200,147,111,0
3553,200,147,111,0
3554,199,145,114,0
3555,198,144,113,0
3556,193,142,110,0
3557,192,141,109,0
3558,191,140,106,0
3559,195,139,106,0
3560,200,146,113,0
3561,201,147,114,0
3562,200,154,122,0
3563,207,161,129,0
3564,220,165,139,0
3565,202,147,121,0
3566,205,150,124,0
3567,200,145,119,0
3568,193,138,112,0
3569,191,136,110,0
3570,191,136,110,0
3571,191,133,103,0
3572,192,134,104,0
3573,192,134,102,0
3574,192,134,102,0
3575,192,134,102,0
3576,192,134,102,0
3577,198,137,108,0
3578,199,138,109,0
3579,201,143,111,0
3580,202,144,112,0
3581,200,147,109,0
3582,200,147,109,0
3583,200,148,107,0
3584,200,148,107,0
3585,201,149,108,0
3586,200,148,107,0
3587,201,148,112,0
3588,200,147,111,0
3589,200,146,115,0
3590,199,145,114,0
3591,198,144,113,0
3592,194,140,109,0
3593,193,139,106,0
3594,192,138,105,0
3595,191,135,102,0
3596,195,139,106,0
3597,198,144,111,0
3598,203,149,116,0
3599,204,155,124,0
3600,210,161,130,0
3601,211,164,137,0
3602,212,160,133,0
3603,208,156,129,0
3604,201,149,122,0
3605,198,146,119,0
3606,192,140,113,0
3607,191,137,104,0
3608,191,137,104,0
3609,191,137,104,0
3610,191,137,104,0
3611,192,138,105,0
3612,196,138,108,0
3613,197,139,109,0
3614,199,141,111,0
3615,201,143,113,0
3616,199,146,110,0
3617,200,147,111,0
3618,200,147,109,0
3619,200,147,109,0
3620,203,148,110,0
3621,201,146,108,0
3622,203,145,113,0
3623,202,144,112,0
3624,203,145,115,0
3625,201,143,113,0
3626,198,142,109,0
3627,197,141,108,0
3628,194,140,109,0
3629,193,139,108,0
3630,192,138,107,0
3631,191,137,106,0
3632,195,138,103,0
3633,197,140,105,0
3634,206,152,121,0
3635,203,149,118,0
3636,203,154,123,0
3637,209,160,129,0
3638,207,162,136,0
3639,212,160,133,0
3640,213,159,130,0
3641,206,152,123,0
3642,201,150,120,0
3643,196,145,115,0
3644,191,140,106,0
3645,194,140,109,0
3646,195,141,110,0
3647,198,144,113,0
3648,198,144,113,0
3649,199,145,112,0
3650,200,146,113,0
3651,200,147,111,0
3652,200,147,111,0
3653,203,148,112,0
3654,202,147,111,0
3655,203,147,114,0
3656,202,146,113,0
3657,202,144,112,0
3658,198,140,108,0
3659,197,141,108,0
3660,197,141,108,0
3661,194,140,109,0
3662,193,139,108,0
3663,195,139,108,0
3664,194,138,107,0
3665,193,137,106,0
3666,191,135,104,0
3667,192,139,101,0
3668,195,142,104,0
3669,200,146,113,0
3670,202,148,115,0
3671,199,148,118,0
3672,205,154,124,0
3673,204,154,130,0
3674,211,161,137,0
3675,209,162,133,0
3676,208,157,125,0
3677,205,154,122,0
3678,201,150,118,0
3679,197,146,114,0
3680,192,141,111,0
3681,192,141,107,0
3682,194,140,107,0
3683,194,140,107,0
3684,196,142,111,0
3685,198,144,113,0
3686,199,145,114,0
3687,199,145,114,0
3688,200,146,115,0
3689,199,145,114,0
3690,202,146,115,0
3691,201,145,114,0
3692,203,145,115,0
3693,202,144,114,0
3694,202,144,112,0
3695,199,141,109,0
3696,197,141,108,0
3697,197,141,108,0
3698,195,141,112,0
3699,194,140,111,0
3700,193,139,108,0
3701,193,139,108,0
3702,194,138,105,0
3703,194,138,105,0
3704,193,137,104,0
3705,191,135,102,0
3706,193,141,100,0
3707,195,143,102,0
3708,200,147,111,0
3709,202,149,113,0
3710,200,149,117,0
3711,200,149,117,0
3712,201,149,122,0
3713,204,152,125,0
3714,209,159,133,0
3715,209,160,129,0
3716,206,157,126,0
3717,207,156,124,0
3718,205,154,122,0
3719,203,149,118,0
3720,199,145,114,0
3721,195,141,112,0
3722,192,138,109,0
3723,193,137,106,0
3724,194,138,107,0
3725,191,140,106,0
3726,192,141,107,0
3727,192,141,107,0
3728,192,141,107,0
3729,195,141,108,0
3730,198,144,111,0
3731,199,145,112,0
3732,200,146,113,0
3733,200,146,115,0
3734,200,146,115,0
3735,201,147,116,0
3736,200,146,115,0
3737,203,146,111,0
3738,203,146,111,0
3739,204,144,110,0
3740,201,141,107,0
3741,198,140,108,0
3742,198,140,108,0
3743,195,141,112,0
3744,194,140,111,0
3745,194,140,109,0
3746,193,139,108,0
3747,195,138,103,0
3748,195,138,103,0
3749,194,137,102,0
3750,192,135,100,0
3751,191,135,102,0
3752,194,139,101,0
3753,195,140,102,0
3754,199,146,108,0
3755,202,149,111,0
3756,203,150,114,0
3757,206,153,117,0
3758,207,153,122,0
3759,205,151,120,0
3760,206,155,125,0
3761,208,157,127,0
3762,216,166,138,0
3763,211,161,133,0
3764,210,160,132,0
3765,214,162,135,0
3766,213,164,131,0
3767,209,160,127,0
3768,207,158,123,0
3769,204,155,120,0
3770,201,150,116,0
3771,198,147,113,0
3772,194,143,113,0
3773,196,145,115,0
3774,191,133,103,0
3775,193,137,106,0
3776,194,138,107,0
3777,192,142,105,0
3778,192,142,105,0
3779,192,142,105,0
3780,192,142,105,0
3781,193,143,106,0
3782,196,146,109,0
3783,198,144,111,0
3784,199,145,112,0
3785,201,145,112,0
3786,201,145,112,0
3787,203,145,115,0
3788,203,145,115,0
3789,205,145,111,0
3790,205,145,111,0
3791,205,145,111,0
3792,204,144,110,0
3793,199,141,109,0
3794,198,140,108,0
3795,194,140,109,0
3796,194,140,109,0
3797,192,141,107,0
3798,192,141,107,0
3799,196,141,105,0
3800,195,140,104,0
3801,194,139,101,0
3802,194,139,101,0
3803,191,136,100,0
3804,191,142,109,0
3805,191,135,104,0
3806,195,140,102,0
3807,198,143,105,0
3808,199,146,108,0
3809,201,148,110,0
3810,203,150,114,0
3811,205,152,116,0
3812,206,152,119,0
3813,206,152,119,0
3814,206,152,121,0
3815,209,155,124,0
3816,213,162,132,0
3817,219,168,138,0
3818,218,166,139,0
3819,212,160,133,0
3820,214,163,131,0
3821,207,156,124,0
3822,206,153,115,0
3823,205,152,114,0
3824,201,148,112,0
3825,199,146,110,0
3826,194,143,111,0
3827,192,141,109,0
3828,191,133,103,0
3829,192,134,104,0
3830,194,138,107,0
3831,195,139,108,0
3832,192,141,107,0
3833,192,141,107,0
3834,191,143,105,0
3835,191,143,105,0
3836,191,143,105,0
3837,193,145,107,0
3838,194,143,109,0
3839,197,146,112,0
3840,200,144,111,0
3841,201,145,112,0
3842,203,146,111,0
3843,203,146,111,0
3844,204,147,112,0
3845,203,146,111,0
3846,203,146,109,0
3847,202,145,108,0
3848,200,145,109,0
3849,198,143,107,0
3850,193,142,110,0
3851,193,142,110,0
3852,193,143,106,0
3853,193,143,106,0
3854,196,141,103,0
3855,195,140,102,0
3856,195,140,102,0
3857,194,139,101,0
3858,191,136,100,0
3859,191,136,114,0
3860,194,137,111,0
3861,194,138,105,0
3862,197,141,108,0
3863,193,143,106,0
3864,198,148,111,0
3865,199,148,114,0
3866,201,150,116,0
3867,205,151,118,0
3868,206,152,119,0
3869,206,152,119,0
3870,206,152,119,0
3871,210,156,127,0
3872,217,163,134,0
3873,219,168,138,0
3874,219,168,138,0
3875,215,161,130,0
3876,212,158,127,0
3877,210,160,123,0
3878,207,157,120,0
3879,206,156,117,0
3880,201,151,112,0
3881,200,147,111,0
3882,198,145,109,0
3883,192,141,107,0
3884,191,140,106,0
3885,191,135,104,0
3886,194,138,107,0
3887,195,139,108,0
3888,192,141,109,0
3889,192,141,109,0
3890,194,149,110,0
3891,197,147,108,0
3892,198,148,109,0
3893,201,146,108,0
3894,201,146,108,0
3895,203,146,109,0
3896,203,146,109,0
3897,205,145,109,0
3898,204,144,108,0
3899,203,146,109,0
3900,202,145,108,0
3901,201,146,110,0
3902,200,145,109,0
3903,196,146,109,0
3904,196,146,109,0
3905,196,146,107,0
3906,193,143,104,0
3907,194,142,101,0
3908,194,142,101,0
3909,195,140,102,0
3910,194,139,101,0
3911,191,136,98,0
3912,191,136,98,0
3913,191,142,109,0
3914,192,140,115,0
3915,192,140,115,0
3916,194,139,117,0
3917,193,138,116,0
3918,195,138,114,0
3919,196,140,109,0
3920,197,141,110,0
3921,193,143,106,0
3922,197,147,110,0
3923,199,149,112,0
3924,201,151,114,0
3925,205,151,118,0
3926,205,151,118,0
3927,206,152,121,0
3928,208,154,123,0
3929,208,154,123,0
3930,210,156,125,0
3931,216,162,133,0
3932,219,165,136,0
3933,218,167,137,0
3934,219,168,138,0
3935,217,165,138,0
3936,218,166,139,0
3937,214,163,133,0
3938,213,162,132,0
3939,210,160,123,0
3940,206,156,119,0
3941,204,154,115,0
3942,200,150,111,0
3943,199,146,110,0
3944,198,145,109,0
3945,194,140,109,0
3946,192,138,107,0
3947,192,138,109,0
3948,193,139,110,0
3949,191,142,109,0
3950,191,142,109,0
3951,191,145,109,0
3952,194,148,112,0
3953,199,146,110,0
3954,199,146,110,0
3955,201,144,107,0
3956,201,144,107,0
3957,202,145,108,0
3958,203,146,109,0
3959,204,147,110,0
3960,203,146,109,0
3961,204,147,110,0
3962,203,146,109,0
3963,202,147,111,0
3964,202,147,111,0
3965,197,147,110,0
3966,197,147,110,0
3967,196,146,107,0
3968,194,144,105,0
3969,193,144,102,0
3970,192,143,101,0
3971,193,140,102,0
3972,192,139,101,0
3973,193,138,100,0
3974,191,136,98,0
3975,193,142,110,0
3976,192,143,112,0
3977,195,146,115,0
3978,196,144,117,0
3979,196,144,117,0
3980,200,143,119,0
3981,200,143,119,0
3982,197,139,111,0
3983,197,139,111,0
3984,195,139,108,0
3985,196,140,109,0
3986,193,139,106,0
3987,196,142,109,0
3988,199,145,112,0
3989,202,148,115,0
3990,203,149,120,0
3991,205,151,122,0
3992,207,153,124,0
3993,208,154,125,0
3994,208,154,125,0
3995,208,154,125,0
3996,214,158,129,0
3997,217,161,132,0
3998,216,162,133,0
3999,217,163,134,0
4000,217,165,138,0
4001,218,166,139,0
4002,218,166,139,0
4003,218,166,139,0
4004,218,166,139,0
4005,218,166,139,0
4006,217,165,138,0
4007,215,163,136,0
4008,213,162,132,0
4009,215,164,134,0
4010,207,156,122,0
4011,204,153,119,0
4012,203,153,116,0
4013,199,149,112,0
4014,199,145,112,0
4015,198,144,111,0
4016,194,140,111,0
4017,192,138,109,0
4018,191,142,111,0
4019,193,147,113,0
4020,194,148,114,0
4021,199,146,110,0
4022,200,147,111,0
4023,202,145,110,0
4024,202,145,110,0
4025,201,144,109,0
4026,201,144,109,0
4027,202,145,110,0
4028,202,145,110,0
4029,203,146,111,0
4030,203,146,111,0
4031,203,148,112,0
4032,202,147,111,0
4033,200,147,111,0
4034,199,146,110,0
4035,196,146,107,0
4036,193,143,104,0
4037,193,143,104,0
4038,192,142,103,0
4039,191,141,102,0
4040,191,142,109,0
4041,195,146,113,0
4042,196,147,116,0
4043,197,148,117,0
4044,197,147,119,0
4045,197,147,119,0
4046,200,145,119,0
4047,200,145,119,0
4048,198,143,117,0
4049,196,141,115,0
4050,194,140,111,0
4051,193,139,110,0
4052,194,140,107,0
4053,195,141,108,0
4054,198,144,111,0
4055,200,146,113,0
4056,203,149,120,0
4057,203,149,120,0
4058,206,152,123,0
4059,206,152,123,0
4060,208,154,125,0
4061,209,155,126,0
4062,213,159,128,0
4063,214,160,129,0
4064,213,162,132,0
4065,214,163,133,0
4066,214,164,136,0
4067,216,166,138,0
4068,217,166,136,0
4069,217,166,136,0
4070,215,164,134,0
4071,214,163,133,0
4072,214,162,135,0
4073,212,160,133,0
4074,211,160,130,0
4075,207,156,126,0
4076,203,152,120,0
4077,201,150,118,0
4078,199,148,116,0
4079,197,146,114,0
4080,198,144,113,0
4081,195,141,110,0
4082,195,139,110,0
4083,193,137,108,0
4084,191,133,105,0
4085,191,142,111,0
4086,193,144,111,0
4087,196,147,114,0
4088,200,144,113,0
4089,201,145,114,0
4090,201,146,110,0
4091,201,146,110,0
4092,201,146,110,0
4093,201,146,110,0
4094,199,145,112,0
4095,200,146,113,0
4096,201,147,114,0
4097,201,147,114,0
4098,199,148,114,0
4099,199,148,114,0
4100,200,147,111,0
4101,199,146,110,0
4102,196,146,109,0
4103,193,143,106,0
4104,193,143,104,0
4105,192,142,103,0
4106,192,138,107,0
4107,192,141,111,0
4108,197,146,116,0
4109,197,148,117,0
4110,198,149,118,0
4111,198,149,118,0
4112,198,149,118,0
4113,200,145,119,0
4114,198,143,117,0
4115,195,140,114,0
4116,194,139,113,0
4117,193,139,110,0
4118,193,139,110,0
4119,193,139,106,0
4120,194,140,107,0
4121,195,141,108,0
4122,198,144,111,0
4123,201,147,118,0
4124,202,148,119,0
4125,205,151,120,0
4126,205,151,120,0
4127,204,153,121,0
4128,206,155,123,0
4129,210,159,127,0
4130,211,160,128,0
4131,212,160,133,0
4132,213,161,134,0
4133,213,161,134,0
4134,214,162,135,0
4135,214,163,133,0
4136,213,162,132,0
4137,212,161,131,0
4138,211,160,130,0
4139,210,159,129,0
4140,208,157,127,0
4141,206,155,125,0
4142,204,153,123,0
4143,199,148,116,0
4144,199,148,116,0
4145,199,148,114,0
4146,197,146,112,0
4147,196,142,111,0
4148,194,140,109,0
4149,195,139,110,0
4150,194,138,109,0
4151,198,140,112,0
4152,195,146,113,0
4153,196,147,114,0
4154,197,146,114,0
4155,198,147,115,0
4156,200,146,113,0
4157,199,145,112,0
4158,197,146,114,0
4159,196,145,113,0
4160,197,146,114,0
4161,197,146,114,0
4162,199,148,116,0
4163,199,148,116,0
4164,199,148,116,0
4165,199,148,116,0
4166,198,147,113,0
4167,197,146,112,0
4168,198,144,111,0
4169,194,140,107,0
4170,192,141,107,0
4171,193,139,108,0
4172,195,141,112,0
4173,200,146,117,0
4174,199,148,118,0
4175,199,148,118,0
4176,199,148,118,0
4177,199,148,118,0
4178,198,144,115,0
4179,194,140,111,0
4180,193,138,112,0
4181,192,137,111,0
4182,192,138,109,0
4183,192,138,109,0
4184,192,138,105,0
4185,192,138,105,0
4186,191,135,104,0
4187,194,138,107,0
4188,201,143,113,0
4189,202,144,114,0
4190,203,147,116,0
4191,203,147,116,0
4192,202,148,119,0
4193,206,152,123,0
4194,207,156,126,0
4195,207,156,126,0
4196,208,156,131,0
4197,211,159,134,0
4198,212,160,133,0
4199,212,160,133,0
4200,212,161,131,0
4201,210,159,129,0
4202,209,160,129,0
4203,207,158,127,0
4204,207,156,126,0
4205,205,154,124,0
4206,203,152,122,0
4207,201,150,120,0
4208,201,147,116,0
4209,200,146,115,0
4210,197,147,110,0
4211,196,146,109,0
4212,193,142,108,0
4213,192,141,107,0
4214,192,138,107,0
4215,192,138,107,0
4216,200,144,115,0
4217,191,145,109,0
4218,193,147,111,0
4219,196,147,112,0
4220,199,150,115,0
4221,198,147,115,0
4222,198,147,115,0
4223,198,147,115,0
4224,197,146,114,0
4225,197,148,117,0
4226,197,148,117,0
4227,198,149,116,0
4228,198,149,116,0
4229,198,149,114,0
4230,198,149,114,0
4231,198,147,113,0
4232,197,146,112,0
4233,196,145,111,0
4234,192,141,107,0
4235,193,142,108,0
4236,192,141,107,0
4237,191,142,107,0
4238,191,141,104,0
4239,191,138,100,0
4240,192,131,102,0
4241,196,135,106,0
4242,197,139,111,0
4243,202,144,116,0
4244,204,146,116,0
4245,203,145,115,0
4246,202,146,115,0
4247,201,145,114,0
4248,195,141,112,0
4249,194,140,111,0
4250,195,136,111,0
4251,192,133,108,0
4252,191,133,105,0
4253,191,133,105,0
4254,191,135,102,0
4255,191,135,102,0
4256,194,138,105,0
4257,194,138,105,0
4258,197,139,109,0
4259,198,140,110,0
4260,201,145,114,0
4261,207,151,120,0
4262,203,152,122,0
4263,205,154,124,0
4264,207,156,126,0
4265,206,155,125,0
4266,207,157,131,0
4267,209,159,133,0
4268,210,158,133,0
4269,211,159,134,0
4270,210,160,132,0
4271,209,159,131,0
4272,205,159,127,0
4273,204,158,126,0
4274,204,155,124,0
4275,203,154,123,0
4276,201,150,120,0
4277,200,149,119,0
4278,201,147,114,0
4279,199,145,112,0
4280,197,147,108,0
4281,194,144,105,0
4282,192,142,105,0
4283,192,142,105,0
4284,191,137,106,0
4285,191,146,107,0
4286,196,148,110,0
4287,196,148,110,0
4288,197,148,115,0
4289,196,147,114,0
4290,196,147,116,0
4291,196,147,116,0
4292,197,148,117,0
4293,197,148,117,0
4294,195,149,117,0
4295,195,149,117,0
4296,198,149,114,0
4297,197,148,113,0
4298,197,146,112,0
4299,197,146,112,0
4300,196,145,113,0
4301,192,141,109,0
4302,193,142,110,0
4303,192,141,109,0
4304,192,141,109,0
4305,191,140,108,0
4306,191,142,109,0
4307,193,139,106,0
4308,192,138,105,0
4309,192,139,101,0
4310,192,131,102,0
4311,200,139,112,0
4312,204,143,116,0
4313,215,157,125,0
4314,203,145,113,0
4315,201,145,112,0
4316,197,141,108,0
4317,194,138,109,0
4318,192,131,102,0
4319,192,131,102,0
4320,192,131,102,0
4321,194,133,104,0
4322,197,136,109,0
4323,200,139,112,0
4324,199,145,116,0
4325,206,152,123,0
4326,205,154,124,0
4327,205,154,124,0
4328,207,155,128,0
4329,210,158,131,0
4330,210,158,133,0
4331,210,158,133,0
4332,209,159,131,0
4333,209,159,131,0
4334,203,157,125,0
4335,203,157,125,0
4336,203,154,123,0
4337,199,150,119,0
4338,198,147,117,0
4339,197,146,116,0
4340,199,146,110,0
4341,198,145,109,0
4342,196,143,107,0
4343,194,141,105,0
4344,193,140,104,0
4345,193,148,107,0
4346,194,149,108,0
4347,194,148,112,0
4348,194,148,112,0
4349,194,148,116,0
4350,194,148,116,0
4351,196,146,118,0
4352,197,147,119,0
4353,194,148,114,0
4354,195,149,115,0
4355,196,147,112,0
4356,196,147,112,0
4357,195,146,113,0
4358,196,147,114,0
4359,195,146,113,0
4360,193,144,111,0
4361,193,142,110,0
4362,192,141,109,0
4363,191,142,111,0
4364,191,142,111,0
4365,193,144,113,0
4366,191,142,111,0
4367,194,140,107,0
4368,193,139,106,0
4369,192,139,103,0
4370,191,128,100,0
4371,193,127,100,0
4372,199,133,106,0
4373,202,136,109,0
4374,202,136,109,0
4375,197,139,107,0
4376,194,136,104,0
4377,191,130,101,0
4378,192,129,101,0
4379,193,130,102,0
4380,194,133,106,0
4381,198,137,110,0
4382,199,145,116,0
4383,203,149,120,0
4384,203,152,120,0
4385,205,154,122,0
4386,207,155,128,0
4387,211,159,132,0
4388,209,159,133,0
4389,207,157,131,0
4390,207,157,129,0
4391,205,155,127,0
4392,201,154,125,0
4393,200,153,124,0
4394,198,148,120,0
4395,197,147,119,0
4396,199,145,116,0
4397,198,144,115,0
4398,199,141,111,0
4399,197,139,109,0
4400,197,140,105,0
4401,196,139,104,0
4402,191,138,102,0
4403,192,144,104,0
4404,193,145,105,0
4405,195,146,111,0
4406,195,146,111,0
4407,195,146,113,0
4408,195,146,113,0
4409,195,146,115,0
4410,195,146,115,0
4411,193,147,113,0
4412,194,148,114,0
4413,194,148,112,0
4414,194,148,112,0
4415,195,146,111,0
4416,196,147,112,0
4417,197,146,114,0
4418,194,143,111,0
4419,193,142,112,0
4420,192,141,111,0
4421,192,140,113,0
4422,191,139,112,0
4423,192,140,113,0
4424,192,140,113,0
4425,196,140,109,0
4426,195,139,108,0
4427,195,139,106,0
4428,191,135,102,0
4429,194,125,99,0
4430,195,126,100,0
4431,197,131,104,0
4432,199,133,106,0
4433,196,135,106,0
4434,193,132,103,0
4435,191,128,102,0
4436,191,130,103,0
4437,194,133,106,0
4438,196,142,113,0
4439,201,147,118,0
4440,203,152,120,0
4441,204,153,121,0
4442,203,153,125,0
4443,205,155,127,0
4444,207,155,130,0
4445,206,154,129,0
4446,205,155,129,0
4447,203,153,127,0
4448,198,151,122,0
4449,196,149,120,0
4450,197,146,116,0
4451,196,145,115,0
4452,199,141,113,0
4453,197,139,111,0
4454,198,137,108,0
4455,197,136,107,0
4456,195,137,107,0
4457,194,136,106,0
4458,191,143,103,0
4459,192,144,104,0
4460,195,147,109,0
4461,195,147,109,0
4462,196,145,111,0
4463,193,142,108,0
4464,193,142,112,0
4465,194,143,113,0
4466,192,143,110,0
4467,193,144,111,0
4468,193,144,109,0
4469,195,146,111,0
4470,196,145,111,0
4471,196,145,111,0
4472,196,145,111,0
4473,194,143,109,0
4474,192,143,112,0
4475,191,142,111,0
4476,191,139,112,0
4477,191,139,112,0
4478,191,141,113,0
4479,191,141,113,0
4480,195,141,110,0
4481,194,140,109,0
4482,195,139,106,0
4483,193,137,104,0
4484,192,126,97,0
4485,192,126,97,0
4486,195,129,100,0
4487,195,129,100,0
4488,192,131,102,0
4489,191,130,101,0
4490,193,141,114,0
4491,199,148,118,0
4492,201,150,120,0
4493,202,153,122,0
4494,204,155,124,0
4495,205,154,133,0
4496,204,153,132,0
4497,201,153,131,0
4498,200,152,130,0
4499,197,152,122,0
4500,195,150,120,0
4501,196,147,114,0
4502,195,146,113,0
4503,197,141,108,0
4504,195,139,106,0
4505,197,136,107,0
4506,196,135,106,0
4507,191,133,103,0
4508,191,141,102,0
4509,192,142,103,0
4510,196,143,107,0
4511,198,145,109,0
4512,194,144,107,0
4513,194,144,107,0
4514,192,143,108,0
4515,193,144,109,0
4516,191,145,109,0
4517,193,147,111,0
4518,195,146,111,0
4519,195,146,111,0
4520,196,145,111,0
4521,194,143,109,0
4522,198,144,113,0
4523,194,140,109,0
4524,192,141,111,0
4525,191,140,110,0
4526,191,139,112,0
4527,192,140,113,0
4528,192,140,113,0
4529,196,140,111,0
4530,196,140,111,0
4531,196,138,108,0
4532,192,134,104,0
4533,193,124,96,0
4534,194,125,97,0
4535,193,143,115,0
4536,198,148,120,0
4537,199,149,123,0
4538,200,150,124,0
4539,200,149,128,0
4540,199,148,127,0
4541,198,150,128,0
4542,198,150,128,0
4543,198,151,122,0
4544,196,149,120,0
4545,197,148,113,0
4546,195,146,111,0
4547,196,141,105,0
4548,194,139,103,0
4549,192,134,102,0
4550,193,140,104,0
4551,194,141,105,0
4552,196,143,107,0
4553,196,143,107,0
4554,195,142,106,0
4555,195,142,106,0
4556,192,141,109,0
4557,192,141,109,0
4558,191,145,109,0
4559,193,148,109,0
4560,193,148,109,0
4561,197,147,108,0
4562,197,147,108,0
4563,196,146,109,0
4564,193,143,106,0
4565,193,144,109,0
4566,191,142,107,0
4567,191,142,111,0
4568,192,141,111,0
4569,192,141,111,0
4570,196,140,111,0
4571,196,140,111,0
4572,195,139,108,0
4573,191,135,104,0
4574,191,144,117,0
4575,193,146,119,0
4576,194,147,120,0
4577,195,147,125,0
4578,194,146,124,0
4579,195,149,126,0
4580,200,154,131,0
4581,197,152,122,0
4582,195,150,120,0
4583,195,149,113,0
4584,191,145,109,0
4585,191,141,104,0
4586,191,140,108,0
4587,193,143,106,0
4588,194,144,107,0
4589,194,144,105,0
4590,193,143,104,0
4591,192,142,105,0
4592,192,142,105,0
4593,191,142,109,0
4594,191,142,109,0
4595,191,146,107,0
4596,191,146,107,0
4597,195,147,109,0
4598,193,145,107,0
4599,194,144,107,0
4600,193,143,106,0
4601,192,143,110,0
4602,191,142,109,0
4603,192,141,111,0
4604,192,141,111,0
4605,193,139,110,0
4606,193,139,110,0
4607,192,138,109,0
4608,192,147,121,0
4609,194,149,123,0
4610,195,150,120,0
4611,194,149,119,0
4612,194,148,114,0
4613,191,145,111,0
4614,191,143,105,0
4615,191,143,105,0
4616,192,142,103,0
4617,192,142,103,0
4618,191,141,104,0
4619,191,146,107,0
4620,195,147,109,0
4621,193,145,107,0
4622,193,144,109,0
4623,193,144,109,0
4624,192,143,110,0
4625,191,142,109,0
4626,191,140,108,0
4627,191,140,108,0
4628,192,138,109,0
4629,192,138,109,0
4630,193,133,99,0
4631,197,137,103,0
4632,196,135,104,0
4633,194,133,102,0
4634,193,148,118,0
4635,192,147,117,0
4636,193,147,115,0
4637,193,147,115,0
4638,191,141,102,0
4639,191,141,102,0
4640,192,141,109,0
4641,191,140,108,0
4642,192,137,111,0
4643,192,137,111,0
4644,191,138,100,0
4645,193,143,106,0
4646,192,142,105,0
4647,192,138,109,0
4648,191,137,108,0
4649,191,134,97,0
4650,191,134,97,0
4651,191,142,111,0
4652,191,142,109,0
4653,191,142,109,0
4654,191,143,105,0
4655,191,143,105,0
4656,192,142,105,0
4657,191,141,104,0
4658,191,140,108,0
4659,191,134,99,0
4660,191,134,99,0
4661,191,142,109,0
4662,193,139,108,0
4663,193,139,108,0
4664,191,140,106,0
4665,191,140,106,0
4666,191,141,104,0
4667,191,141,104,0
4668,191,141,102,0
4669,191,141,102,0
4670,191,140,106,0
4671,191,140,106,0
4672,191,140,106,0
4673,191,140,106,0
4674,191,140,108,0
4675,191,140,108,0
4676,193,140,104,0
4677,193,140,104,0
4678,191,141,104,0
4679,191,141,104,0
4680,191,141,102,0
4681,191,141,102,0
4682,192,138,105,0
4683,192,138,105,0
4684,192,138,107,0
4685,192,138,107,0
4686,192,138,107,0
4687,192,138,107,0
4688,192,138,105,0
4689,193,139,106,0
4690,192,138,107,0
4691,191,137,108,0
4692,191,137,108,0
4693,191,130,103,0
4694,191,130,103,0
4695,191,130,101,0
4696,191,142,100,0
