RedMean,GreenMean,BlueMean,RedVariance,GreenVariance,BlueVariance,Hu1,Hu2,Hu3,Hu4,Hu5,Hu6,Hu7,Fire
202.549,169.085,118.269,13.0513,28.1336,21.1427,0.472972,0.0972011,0.0797106,0.133395,0.013746,0.0414626,-0.000504917,0
205.422,159.608,115.963,11.7052,16.748,19.4565,0.592593,0.0401235,0.0939007,0.0165752,-0.000653605,-0.00252755,2.01E-05,0
192.714,157.333,136.905,1.69433,4.73421,2.82682,0.183811,0.00313771,0.000462532,1.46E-05,1.04E-09,-1.99E-07,-5.79E-10,0
206.085,131.636,61.1928,13.6679,18.3051,33.6578,0.222222,0.0123457,0.00548758,0.00021949,-2.41E-07,-2.44E-05,-5.08E-11,0
204.517,140.203,59.6436,11.4047,20.2438,42.7651,0.179424,0.00240161,0.000867879,1.30E-05,-3.36E-10,-4.34E-07,-1.33E-09,0
193.207,163.655,134.759,2.89869,10.7569,5.40424,0.178884,0.00116139,0.000863312,7.48E-06,-2.69E-10,2.14E-07,-5.38E-10,0
209.105,169.851,119.334,14.9614,14.2,12.6969,0.200753,0.0120691,3.55E-06,3.37E-06,9.21E-12,2.75E-07,7.17E-12,0
219.11,164.579,121.781,14.9131,10.7472,11.0014,0.986111,0.724151,0.651269,0.459502,0.250298,0.359367,-0.0231823,0
191,179,137,0,0,0,0,0,0,0,0,0,0,0
199.517,153.974,123.272,6.32187,7.08069,15.0277,0.25,0.0347222,2.90E-12,6.96E-12,3.10E-23,-1.28E-12,4.23E-24,0
201.55,169.229,101.848,8.2309,21.0562,24.0784,0.172945,0.00122404,0.000545581,1.51E-05,3.98E-10,4.51E-07,-1.31E-09,0
206.657,117.34,115.608,13.5586,11.5805,11.1046,0.222881,0.020739,0.00106328,0.000202782,9.12E-08,2.65E-05,-2.35E-08,0
204.11,145.263,109.148,11.9963,12.1565,12.7086,0.164008,7.07E-06,0.000265648,2.84E-06,-7.81E-11,-7.56E-09,8.77E-15,0
215.12,163.598,122.316,15.8991,28.1952,13.5494,0.432095,0.157208,0.000630357,0.000203143,6.45E-08,4.79E-05,3.36E-08,0
234.233,152.323,96.5482,25.2626,14.8722,24.1849,0.164008,7.07E-06,0.000265651,2.84E-06,-7.81E-11,-7.56E-09,-3.14E-14,0
221.291,123.371,84.4713,20.7217,17.2162,32.0059,0.223899,0.0212521,0.00085922,0.000218996,8.83E-08,2.69E-05,3.50E-08,0
200.328,124.414,111.432,6.45627,18.2695,14.4727,0.625514,0.295094,0.0604458,0.0175466,0.000438944,0.00174782,0.000365885,0
204.646,131.229,120.333,9.2342,10.8977,11.0912,0.500508,0.155956,0.125052,0.0548145,0.00427989,0.0150457,0.0015094,0
199.443,151.192,120.478,5.90175,27.1132,12.934,0.292976,0.0319266,0.00986868,0.00167924,1.76E-06,2.86E-05,-6.61E-06,0
194.511,161.68,127.732,3.85547,21.5938,11.0264,0.164008,7.07E-06,0.000265648,2.84E-06,-7.81E-11,-7.56E-09,3.20E-15,0
247.392,133.918,73.034,13.7796,12.2498,21.9217,0.342917,0.0880386,0.00163232,0.000292287,9.23E-08,7.59E-06,-1.80E-07,0
196.919,136.079,108.679,5.86284,11.0233,13.7108,0.172616,0.00140899,0.000805897,7.89E-06,9.51E-11,1.83E-07,-6.22E-10,0
191.654,132.576,109.962,1.06493,5.91039,6.4586,0.3016,0.0586243,0.0017067,0.000262435,2.46E-08,-5.51E-06,-1.74E-07,0
198.44,120.621,114.818,7.71009,18.2892,17.3998,0.166135,0.000382696,0.000143701,7.31E-07,7.49E-12,-1.43E-08,-2.41E-16,0
254.743,109.715,107.364,0.745423,9.10394,9.04746,0.231215,0.0234168,1.50E-06,2.51E-05,-1.54E-10,3.85E-06,-1.73E-16,0
226.649,153.344,118.647,23.8425,31.7587,15.5413,0.55144,0.218276,0.0262536,0.0131613,0.000234426,0.00404747,7.00E-05,0
239.313,140.979,95.6773,21.9663,26.6285,23.4571,0.17266,0.00124958,0.000454744,3.70E-06,7.58E-11,8.19E-08,1.31E-10,0
238.194,199.702,68.3655,19.4921,23.362,34.2795,1.47222,1.85262,0.0309496,0.00469474,-5.66E-05,-0.00639006,-2.20E-09,0
199.667,129,124.81,5.91876,6.86953,7.32978,1.35592,0.42926,0.0431546,0.482329,-0.0560918,0.258658,-0.0411833,0
196.571,138.571,135.714,1.29363,5.42105,4.36592,0.231942,0.0260176,8.56E-05,3.49E-05,1.90E-09,5.61E-06,-2.04E-10,0
207.351,118.492,103.993,11.6991,13.094,18.9008,0,0,0,0,0,0,0,0
196.836,128.372,125.288,3.64356,11.0685,10.4081,5.09375,20.7362,127.137,113.634,13658.4,515.981,-13.3361,0
203.981,132.54,47.33,7.77087,19.2566,41.2881,0.231215,0.0234168,1.50E-06,2.51E-05,-1.54E-10,3.85E-06,1.46E-15,0
206.429,133.185,48.4499,8.15102,20.5562,40.9309,0.304527,0.0630155,0.00230846,0.000215436,-1.52E-07,-5.41E-05,1.71E-12,0
192.234,129.193,110.152,1.36217,24.3176,14.0436,0.164008,7.07E-06,0.000265647,2.84E-06,-7.81E-11,-7.56E-09,-7.28E-15,0
213.931,147.887,129.182,12.2704,20.926,8.54727,0,0,0,0,0,0,0,0
223.781,116.86,79.2975,16.5857,11.4431,18.2475,0.30637,0.0311134,0.0472607,0.0259976,0.00090726,0.0042535,-8.55E-05,0
210.523,117.751,98.07,11.3088,16.635,15.2601,0,0,0,0,0,0,0,0
193.107,130.636,126.24,3.70794,11.6335,11.1533,0.180556,0.00482253,0,0,0,0,0,0
192,184.178,136.367,1.0435,3.20963,2.415,0,0,0,0,0,0,0,0
203.891,124.082,103.62,6.95752,16.1764,12.9332,0.222222,0.0123457,0.00548584,0.000219444,-2.41E-07,-2.44E-05,-9.80E-11,0
194.057,108.784,100.091,2.39012,11.2194,14.5693,1.55956,0.568814,2.73705,0.79968,0.543175,0.303406,-1.05102,0
191.953,142.359,133.035,1.65159,4.65514,4.685,0.164444,0.000597531,0,0,0,0,0,0
195.996,153.201,94.4238,4.11204,7.51987,13.4819,0.534979,0.212586,0.0134929,0.0141545,0.000193832,0.00650402,2.63E-05,0
193.951,139.587,136.659,2.59588,3.34417,2.13775,0.176503,0.00191615,0.00122513,1.82E-05,2.02E-09,4.26E-07,-1.82E-09,0
193.28,158.05,98.3159,2.05227,17.4479,13.1707,0.17266,0.00124958,0.00045474,3.70E-06,7.58E-11,8.19E-08,1.31E-10,0
197.618,138.806,88.8112,5.21825,16.2914,13.7231,0,0,0,0,0,0,0,0
215.545,159.734,119.208,14.8318,23.0229,16.4159,0,0,0,0,0,0,0,0
193.179,150.859,132.003,2.20229,9.21074,5.27467,0,0,0,0,0,0,0,0
195.266,134.006,85.7766,3.35309,8.43094,14.8231,0.555556,0.197531,0.00857328,0.00165987,-6.26E-06,-0.000737721,-4.86E-10,0
191.706,143.683,136.905,0.918462,6.19164,2.1831,0.193342,0.00944983,0.000495639,3.85E-05,4.42E-09,3.22E-06,-2.97E-09,0
192.947,167.913,121.51,2.23792,7.42947,10.9452,0.166135,0.000382696,0.0001437,7.31E-07,7.49E-12,-1.43E-08,1.43E-15,0
193.719,138.751,133.871,2.85469,6.64597,5.07192,0,0,0,0,0,0,0,0
197.027,126.673,116.73,4.876,11.69,12.95,1.20576,0.552016,0.896757,0.293757,0.146472,0.216891,-0.0357528,0
191.279,143.965,138.465,0.473757,2.69128,0.802578,0.249406,0.00471967,0.00820852,0.00338171,1.13E-05,0.000173471,1.37E-05,0
194.239,123.266,109.681,3.10827,12.1248,11.7656,0,0,0,0,0,0,0,0
205.236,129.909,123.672,13.4299,15.8749,12.5467,0.235597,0.0252822,0.000381606,1.91E-05,-1.13E-09,-2.87E-06,1.18E-09,0
198.434,121.591,82.6833,6.00746,20.1372,18.7035,0,0,0,0,0,0,0,0
192.8,138.4,133.6,1.97315,8.8,3.07246,0.347276,0.0885833,0.000185503,2.10E-05,4.34E-10,2.18E-06,1.24E-09,0
199.729,136.614,109.815,5.42214,22.4306,12.1275,0.162039,0.000352544,6.77E-05,3.80E-08,6.09E-14,1.13E-10,-2.95E-15,0
197.841,148.321,95.9659,5.14032,31.2633,19.1945,0.184483,0.00407248,0.00149511,1.74E-05,-2.81E-09,-1.11E-06,-1.55E-14,0
193.558,144.635,99.7541,2.7318,17.6345,22.3519,1.43111,1.01435,3.76356,2.01348,5.28074,1.70835,1.68383,0
200.573,125.233,108.864,6.15297,15.0124,16.3306,0.391521,0.0991911,0.00479056,0.00449414,2.08E-05,0.00140939,-1.22E-06,0
209.701,123.173,115.898,9.36133,13.4689,11.2994,0.631111,0.263605,0.0635695,0.0117192,6.83E-05,-0.000851746,0.000312482,0
205.31,149.126,110.779,12.4844,17.1712,17.9045,0,0,0,0,0,0,0,0
206.139,168.98,77.7934,8.43164,9.99997,23.0958,0,0,0,0,0,0,0,0
191.818,125.636,123.545,0.935966,2.60324,2.27091,0.189684,0.00735875,0.0010006,6.00E-05,7.22E-09,1.36E-06,-1.28E-08,0
210.487,117.832,108.133,10.8902,11.9578,18.3177,0,0,0,0,0,0,0,0
205.074,121.754,100.82,7.25653,12.0478,20.1023,0.17266,0.00124958,0.000454751,3.70E-06,7.58E-11,8.19E-08,-1.31E-10,0
244.396,145.33,98.1107,15.5114,20.2764,20.6736,0.16723,0.000237747,5.66E-05,9.54E-07,-5.87E-12,-1.16E-08,3.84E-12,0
195.005,122.029,119.344,3.99733,13.5808,13.1833,0.166667,0,0,0,0,0,0,0
196.231,123.538,119.856,4.29248,12.4528,11.5947,1.47222,1.85262,0.0309508,0.00469468,-5.66E-05,-0.00638999,-1.11E-09,0
210.283,152.613,119.844,14.478,23.4868,12.7749,0.555556,0.197531,0.0085735,0.0016597,-6.26E-06,-0.000737643,3.86E-10,0
192.75,104.833,67.0833,1.63936,3.18416,4.55445,0.231215,0.0234168,1.50E-06,2.51E-05,-1.54E-10,3.85E-06,2.36E-15,0
192.627,151.941,124.49,1.70306,14.4357,12.3039,0.180556,0.00482253,0,0,0,0,0,0
192.134,122.52,114.049,1.27966,4.82961,3.6708,0.180556,0.00482253,0,0,0,0,0,0
191.781,134.545,131.585,1.05714,8.81095,9.94287,0.168601,0.000911298,0.000193627,4.59E-06,1.15E-10,-1.91E-09,7.36E-11,0
196.933,139.267,101.439,4.58944,14.7889,20.5419,0.986111,0.724151,0.651269,0.459502,0.250298,0.359367,0.0231823,0
200.099,193.604,78.1524,6.6117,13.837,37.9857,0,0,0,0,0,0,0,0
207.54,126.404,115.182,12.3908,15.4148,15.1997,0.297971,0.0615681,7.99E-05,3.24E-05,1.63E-09,7.38E-06,-2.47E-10,0
206.656,124.27,111.341,13.8052,15.3443,14.5431,0.889056,0.31012,0.00411166,0.00842497,4.57E-05,0.00451424,-1.93E-05,0
203.403,126.836,112.54,13.6716,18.919,15.8112,0.262566,0.0419839,0.000109865,2.05E-05,9.36E-10,3.76E-06,2.73E-10,0
224.097,118.816,78.5235,15.9639,17.8227,25.2696,0.282529,0.0521093,0.000188221,5.79E-05,5.64E-09,1.12E-05,-2.18E-09,0
235.786,119.633,74.0169,15.7329,18.6679,22.5042,0.308012,0.040973,0.000972787,0.00504347,1.11E-05,0.00101961,-1.15E-06,0
198.819,147.025,114.131,6.82526,9.50054,11.1414,0.179424,0.00240161,0.000867873,1.30E-05,-3.37E-10,-4.34E-07,-1.33E-09,0
213.523,149.098,107.041,14.7572,39.8292,18.2763,1.62262,1.04624,0.0177846,0.283475,-0.011577,0.289303,-0.016465,0
230.043,209.301,91.5474,22.0512,31.3353,24.4968,0.266494,0.0426279,0.00154603,0.000474827,3.94E-07,8.84E-05,-1.00E-07,0
196.396,186.857,108.338,3.67056,8.44419,11.9871,0.166135,0.000382696,0.000143699,7.31E-07,7.49E-12,-1.43E-08,-5.85E-18,0
196.446,186.137,109.173,3.8402,9.22789,11.8919,0,0,0,0,0,0,0,0
196.446,186.137,109.173,3.8402,9.22789,11.8919,0,0,0,0,0,0,0,0
195.66,186.887,108.913,3.4406,8.98928,11.3143,0.171488,0.00313285,2.02E-18,7.62E-19,9.03E-37,2.41E-20,2.84E-37,0
208.768,162.996,127.022,10.4914,10.0708,9.48063,0.754065,0.521011,0.0200586,0.00274418,-6.17E-06,-0.00123023,1.94E-05,0
196.228,187.193,106.392,3.65957,7.979,12.1537,1.33337,0.797609,3.22669,2.57721,7.42288,2.26985,0.367004,0
196.228,187.193,106.392,3.65957,7.979,12.1537,1.33337,0.797609,3.22669,2.57721,7.42288,2.26985,0.367004,0
197.061,187.277,106.62,4.42687,9.07265,12.3247,0.975874,0.194569,0.44316,0.38962,0.161062,0.167847,0.0164324,0
209.288,155.597,114.77,13.1285,31.2961,15.3048,0.171488,0.00313285,7.35E-20,1.05E-19,9.20E-39,-5.70E-21,8.40E-41,0
198.54,186.277,105.361,4.8662,12.0806,12.8838,0,0,0,0,0,0,0,0
200.361,186.599,105.731,5.9502,15.2969,13.158,1.19342,1.21772,0.474745,0.418058,0.18619,0.445375,-0.00454366,0
201.523,184.825,107.031,6.53318,18.197,13.1258,0.42057,0.111692,0.0202549,0.00770673,8.79E-05,0.00188112,3.93E-05,0
201.975,185.132,106.556,6.90796,18.7184,13.4163,12.0416,127.947,870.181,882.717,773617,9979.31,-5423.9,0
201.921,186.182,106.894,6.8518,17.7594,13.5373,0.628472,0.0619441,0.0111928,0.0013937,5.22E-06,0.000210659,-1.75E-06,0
202.767,184.391,107.027,7.35339,20.8784,14.0353,0.22952,0.0225045,0.000859587,0.000124975,2.87E-09,-1.22E-06,4.09E-08,0
201.523,184.825,107.031,6.53318,18.197,13.1258,0.42057,0.111692,0.0202549,0.00770673,8.79E-05,0.00188112,3.93E-05,0
195.75,186.297,107.866,3.58149,8.70775,11.2972,0.25,0.0347222,1.40E-16,7.89E-16,1.49E-31,4.67E-17,2.16E-31,0
203.463,182.439,106.276,8.36714,23.0567,13.8834,0.183811,0.00313771,0.000462533,1.46E-05,1.04E-09,-1.99E-07,5.79E-10,0
203.559,179.428,107.027,9.02789,26.266,14.4334,0.17266,0.00124958,0.000454742,3.70E-06,7.58E-11,8.19E-08,-1.31E-10,0
210.987,154.131,108.861,14.4069,36.7703,17.1729,1.14403,0.496283,0.788016,0.193228,0.0708069,0.117209,-0.0259154,0
203.559,179.428,107.027,9.02789,26.266,14.4334,0.17266,0.00124958,0.000454742,3.70E-06,7.58E-11,8.19E-08,-1.31E-10,0
205.588,175.402,109.117,10.811,30.8431,14.9317,0.177193,0.0050265,2.58E-05,7.10E-07,2.87E-12,4.25E-08,9.98E-13,0
207.211,175.021,111.655,11.999,32.2041,14.7609,0,0,0,0,0,0,0,0
207.467,177.929,111.464,11.6753,29.4881,14.5636,0.228012,0.022136,0.000221059,1.61E-05,7.90E-10,-9.41E-07,-5.51E-10,0
204.527,178.201,110.787,9.66099,27.196,13.634,0.506394,0.19981,0.00435929,0.000687004,1.91E-08,-1.70E-05,1.19E-06,0
202.456,181.372,108.576,7.77965,22.7632,12.9883,0,0,0,0,0,0,0,0
202.456,181.372,108.576,7.77965,22.7632,12.9883,0,0,0,0,0,0,0,0
199.175,187.181,106.061,5.60391,12.5882,12.6588,2.32724,3.39112,11.041,9.91322,103.696,17.9019,1.78948,0
196.834,187.733,107.711,4.40337,8.4817,12.005,0.555556,0.197531,0.00857339,0.00165981,-6.26E-06,-0.000737693,-1.58E-12,0
195.365,185.412,108.576,4.31099,7.6085,12.6745,0.346748,0.0861353,0.00182862,0.000773705,8.82E-07,0.000178551,-2.64E-07,0
206.248,152.965,114.474,11.2823,28.9399,15.1902,0,0,0,0,0,0,0,0
192.733,183.1,107.967,2.32283,6.15007,12.8153,0.168181,0.000773052,0.000361496,5.14E-06,2.06E-11,-5.39E-08,2.21E-10,0
192.733,183.1,107.967,2.32283,6.15007,12.8153,0.168181,0.000773052,0.000361496,5.14E-06,2.06E-11,-5.39E-08,2.21E-10,0
193.211,186.947,115.158,2.41876,4.6166,12.4489,0.180556,0.00482253,0,0,0,0,0,0
193.111,182.5,117.389,2.13148,7.00991,13.5652,0.179029,0.00341651,2.99E-05,1.56E-06,-2.21E-12,6.43E-08,-1.05E-11,0
193.545,181.364,111.242,2.86135,7.066,12.3608,0.183811,0.00313771,0.000462533,1.46E-05,1.04E-09,-1.99E-07,-5.79E-10,0
194.271,182.854,112.438,3.35869,6.81294,12.5265,0.234815,0.0276497,0.000216043,5.04E-05,4.38E-09,4.81E-06,2.92E-09,0
195.082,184.274,110.425,4.12063,6.94846,10.8108,0.224667,0.0224427,0.000700392,0.000175682,6.05E-08,2.51E-05,1.17E-08,0
195.082,184.274,110.425,4.12063,6.94846,10.8108,0.224667,0.0224427,0.000700392,0.000175682,6.05E-08,2.51E-05,1.17E-08,0
196.042,184.679,105.848,4.05919,9.50151,12.7211,2.125,4.1684,0.125,0.0138889,-0.000578704,-0.0283565,5.83E-11,0
228.261,156.197,19.8613,17.1801,22.0716,21.4406,1.91319,2.60418,0.277706,0.0116266,0.000366787,-0.0134616,0.000549482,0
208.312,152.763,108.001,14.2057,40.3272,18.1134,0.189675,0.00796339,0.000655188,4.97E-05,6.83E-09,3.53E-06,-5.80E-09,0
196.622,184.806,105.801,4.16409,9.2256,12.0013,2.23611,2.2936,2.0581,0.264942,0.156124,0.163794,-0.117902,0
196.339,185.736,105.099,4.5401,8.8591,12.8519,2.23611,2.2936,2.0581,0.264942,0.156124,0.163794,-0.117902,0
195.975,183.58,102.489,4.18039,9.71993,13.5266,0.166135,0.000382696,0.000143699,7.31E-07,7.49E-12,-1.43E-08,-2.16E-18,0
195.975,183.58,102.489,4.18039,9.71993,13.5266,0.166135,0.000382696,0.000143699,7.31E-07,7.49E-12,-1.43E-08,-2.16E-18,0
196.205,183.208,103.377,4.21279,10.0537,14.5845,0.195855,0.0111861,4.59E-05,5.08E-07,-1.42E-12,-2.68E-08,2.00E-12,0
196.092,184.007,101.98,4.40799,9.83814,13.0308,1.91319,2.60418,0.277706,0.0116266,0.000366787,-0.0134616,-0.000549482,0
196.357,185.01,104.203,4.17903,9.72235,13.9037,0.205498,0.0109109,0.000909062,9.02E-05,8.12E-09,-6.67E-07,-2.45E-08,0
196.532,185.022,104.208,4.35206,10.13,12.454,0.231215,0.0234168,1.50E-06,2.51E-05,-1.54E-10,3.85E-06,3.15E-17,0
196.532,185.022,104.208,4.35206,10.13,12.454,0.231215,0.0234168,1.50E-06,2.51E-05,-1.54E-10,3.85E-06,3.15E-17,0
196.669,185.853,103.191,4.43967,10.115,13.0958,0.222222,0.0123457,0.00548696,0.000219481,-2.41E-07,-2.44E-05,-1.93E-13,0
206.521,150.833,115.744,12.1645,12.1362,13.4694,0.202786,0.0101496,8.57E-06,3.82E-05,-6.92E-10,3.85E-06,6.38E-16,0
197.091,186.752,104.978,4.2136,9.51663,12.525,7.333,49.3893,56.6568,48.0126,2503.26,328.954,66.5281,0
197.629,186.019,107.117,4.42856,10.4991,12.9119,0.267415,0.0434015,0.000591061,0.000182523,5.64E-08,3.11E-05,-2.03E-08,0
197.372,185.97,107.532,4.32372,10.4269,13.3223,2.94271,6.50198,23.2727,18.3506,379.173,45.996,6.42351,0
197.375,184.632,109.334,4.44766,11.3481,12.3414,3.72428,10.0548,16.5185,6.28951,60.1694,15.5522,22.1233,0
197.375,184.632,109.334,4.44766,11.3481,12.3414,3.72428,10.0548,16.5185,6.28951,60.1694,15.5522,22.1233,0
197.498,185.103,112.159,4.6464,12.0705,12.7742,2.46129,4.14397,12.6039,8.53629,88.5405,17.3397,-0.712293,0
197.44,184.43,111.297,4.67116,11.8115,12.9448,2.48971,4.16468,8.24557,4.71192,29.2386,9.57471,2.77757,0
196.911,185.669,113.797,3.93438,10.0676,12.055,0.304085,0.0646804,0.000826593,0.00029,1.36E-07,6.31E-05,-3.93E-08,0
196.402,183.271,110.745,4.54159,11.1506,13.153,0.230354,0.0252787,6.02E-05,4.67E-06,-7.20E-11,-7.43E-07,-3.10E-11,0
196.886,184.392,112.471,4.7909,11.8628,13.4692,2.94271,6.50198,23.2727,18.3506,379.173,45.996,6.42351,0
205.851,168.268,126.769,11.8596,16.1476,16.1898,0,0,0,0,0,0,0,0
196.886,184.392,112.471,4.7909,11.8628,13.4692,2.94271,6.50198,23.2727,18.3506,379.173,45.996,6.42351,0
196.552,184.858,112.651,4.15186,10.8366,11.8098,0.337914,0.0855125,0.000155986,6.85E-05,7.06E-09,1.99E-05,-4.97E-10,0
196.684,185.19,114.169,4.41266,10.1929,11.7563,2.83539,4.92635,5.75347,0.654644,-0.574392,-1.03388,-1.13324,0
196.718,185.853,116.073,4.28891,10.6305,12.3389,1.56379,1.81763,1.8214,1.11342,1.58462,1.48604,0.0552132,0
196.261,184.788,114.977,4.28955,10.1055,11.4658,0.231215,0.0234168,1.50E-06,2.51E-05,-1.54E-10,3.85E-06,1.61E-16,0
196.261,184.788,114.977,4.28955,10.1055,11.4658,0.231215,0.0234168,1.50E-06,2.51E-05,-1.54E-10,3.85E-06,1.61E-16,0
196.835,184.665,114.915,4.18752,10.7331,12.0302,0.231215,0.0234168,1.50E-06,2.51E-05,-1.54E-10,3.85E-06,1.61E-16,0
196.358,184.175,112.596,4.25107,10.1503,11.8946,0.685303,0.371816,0.0020889,0.000316683,2.07E-07,0.000142554,1.53E-07,0
196.021,183.682,111.124,4.22485,9.82868,12.0762,0.231215,0.0234168,1.50E-06,2.51E-05,-1.54E-10,3.85E-06,1.61E-16,0
196.336,184.56,112.474,4.30205,10.0213,12.6348,0.337914,0.0855125,0.000155986,6.85E-05,7.06E-09,1.99E-05,-4.97E-10,0
196.684,184.419,112.572,4.32542,9.54313,12.5995,0.601794,0.290333,0.00249952,0.00214405,4.96E-06,0.00115021,2.62E-09,0
196.684,184.419,112.572,4.32542,9.54313,12.5995,0.601794,0.290333,0.00249952,0.00214405,4.96E-06,0.00115021,2.62E-09,0
193.833,138.333,135.833,1.67498,3.03681,2.73354,0.403292,0.0597639,0.0334489,0.00683694,0.000101967,0.00166272,-1.71E-05,0
196.611,184.221,112.942,4.2498,9.89031,12.6624,0.183811,0.00313771,0.000462533,1.46E-05,1.04E-09,-1.99E-07,-5.79E-10,0
196.491,187.057,113.146,4.426,9.47323,12.6585,2.23611,2.2936,2.0581,0.264942,0.156124,0.163794,0.117902,0
195.996,185.728,111.42,4.1231,9.69073,13.051,0.333333,0.0277778,8.54E-18,7.12E-18,5.55E-35,-1.13E-18,-1.58E-36,0
211.94,147.026,106.566,14.0229,39.9093,17.377,0.249568,0.0335149,0.000578565,8.13E-05,9.05E-10,-3.73E-06,1.76E-08,0
199.255,153.065,118.074,6.18197,8.11017,10.6755,0.180556,0.00482253,0,0,0,0,0,0
200.984,152.79,117.643,7.25617,8.65154,10.3538,0.333333,0.0277778,4.40E-19,4.34E-19,1.90E-37,-7.22E-20,-8.97E-41,0
201.425,152.956,119.389,7.28677,8.26091,9.94544,0,0,0,0,0,0,0,0
202.915,153.232,119.02,8.1212,8.96339,10.2887,0.183811,0.00313771,0.000462533,1.46E-05,1.04E-09,-1.99E-07,5.79E-10,0
211.471,146.113,107.973,13.7916,38.681,16.6981,0.311461,0.0697872,0.000500009,0.000205273,6.52E-08,5.00E-05,-8.88E-09,0
202.001,152.482,118.528,7.42218,8.35964,10.0224,0.206896,0.00955479,0.00329941,0.00044685,5.41E-07,4.34E-05,4.63E-08,0
202.043,153.175,118.586,7.06443,8.16343,10.0589,0.6067,0.276625,0.00257788,0.00025286,-1.88E-07,-0.000111831,-7.90E-08,0
201.924,153.065,118.734,7.34855,8.62929,10.4966,0.203704,0.00548697,4.85E-21,9.35E-22,7.90E-43,3.17E-24,-1.83E-42,0
201.811,153.213,119.175,7.38921,8.44234,10.3467,0.26463,0.0405092,1.08E-07,1.83E-05,-2.58E-11,3.69E-06,-1.63E-18,0
202.027,154.439,119.723,7.73491,8.57884,10.4805,0.185293,0.000654909,0.000423584,1.31E-05,-9.70E-10,-3.34E-07,1.91E-16,0
202.646,154.663,119.464,8.12504,9.03425,10.2744,0.231215,0.0234168,1.50E-06,2.51E-05,-1.54E-10,3.85E-06,6.93E-18,0
202.094,153.667,118.688,7.93863,9.03052,10.6927,0.22751,0.0244174,4.82E-05,3.71E-06,-3.83E-11,-3.90E-07,3.17E-11,0
202.038,154.204,118.212,8.13425,9.23005,10.6454,0.317104,0.0735474,3.97E-05,1.47E-05,3.56E-10,3.99E-06,-2.39E-12,0
201.661,153.388,117.893,7.42407,8.77539,10.481,0.194811,0.00789541,0.00180017,0.000227677,1.37E-07,1.71E-05,-4.85E-08,0
200.087,153.774,119.819,7.12198,8.57238,10.1996,4.67743,19.5687,6.88105,6.06755,39.1541,26.5489,-2.00851,0
212.093,145.866,106.718,14.2454,39.8124,17.5793,0.229987,0.025744,0.000290527,5.67E-05,7.26E-09,8.68E-06,5.51E-10,0
201.437,154.409,119.29,6.97701,8.68828,10.26,0.231215,0.0234168,1.50E-06,2.51E-05,-1.54E-10,3.85E-06,3.57E-17,0
202.044,153.9,119.496,7.25988,8.6926,10.6838,0.211154,0.011293,0.00357241,0.000580986,8.34E-07,5.96E-05,-6.63E-08,0
201.379,154.361,119.635,6.93248,9.14594,10.819,0.362067,0.0972448,0.00372641,0.000479458,-2.17E-07,-7.67E-05,-6.03E-07,0
200.964,153.252,118.42,7.14259,8.19469,10.0215,0.183811,0.00313771,0.000462533,1.46E-05,1.04E-09,-1.99E-07,5.79E-10,0
197.877,151.171,113.586,8.21919,6.97167,9.05295,0.246366,0.0323304,0.000645088,0.000184634,6.05E-08,2.86E-05,1.99E-08,0
200.237,156.32,119.646,6.5962,6.86423,8.61818,0.189142,0.00155582,0.00141603,0.000210391,1.07E-07,2.66E-06,4.05E-08,0
201.052,156.127,119.14,7.69617,9.81831,12.9545,0.212195,0.0172496,0.000820736,6.98E-05,1.62E-09,-8.93E-07,-1.66E-08,0
200.738,153.322,114.492,6.97867,8.59173,11.5112,0,0,0,0,0,0,0,0
201.206,153.252,113.989,7.46763,9.05025,11.9155,0.179848,0.00612684,0.000175053,1.36E-05,5.61E-10,5.42E-07,3.55E-10,0
200.802,153.016,114.037,7.22088,8.86775,11.8636,0.172288,0.00247016,9.32E-05,2.07E-06,-2.67E-11,-9.04E-08,-1.06E-11,0
212.316,147.406,107.397,13.7406,39.6051,16.4041,0.438085,0.164531,0.000128127,2.24E-05,3.34E-10,-1.05E-06,-1.15E-09,0
200.452,153.5,114.876,7.19141,8.82968,12.3576,0.527778,0.250772,0,0,0,0,0,0
199.669,153.346,115.897,6.98367,9.2884,12.7755,0.247849,0.0300083,0.00226652,0.000601174,6.05E-07,5.71E-05,3.56E-07,0
199.509,154.008,117.097,7.07387,9.53197,12.7942,0.256594,0.0331901,0.00373249,0.00134525,2.81E-06,0.00017677,1.09E-06,0
200.539,156.331,120.488,7.42413,9.42241,11.7117,0.183024,0.00705226,0.000229018,1.44E-05,1.05E-10,-2.63E-07,8.18E-10,0
201.528,157.885,122.44,7.46694,8.42281,10.2838,0.4707,0.188636,0.000331946,0.000247929,7.05E-08,9.87E-05,-9.68E-09,0
200.839,156.878,121.577,6.06269,6.8274,8.14018,0.187403,0.00619346,0.00127851,5.53E-05,6.77E-09,1.57E-06,-1.30E-08,0
200.08,156.164,120.397,6.45251,7.04986,8.75082,0.183811,0.00313771,0.000462533,1.46E-05,1.04E-09,-1.99E-07,5.79E-10,0
197.73,153.973,118.097,6.62967,6.8261,8.99404,0.226038,0.0208495,0.00131681,9.32E-05,6.14E-09,-9.58E-07,-3.21E-08,0
201.252,154.135,119.076,8.99445,9.34635,11.2136,0.174278,0.00315135,7.31E-05,6.72E-06,-1.38E-10,-3.17E-07,-5.66E-11,0
198.729,153.85,117.592,7.59745,7.76675,9.73916,7.03272,43.1392,312.775,289.281,87014.9,1899.91,295.273,0
213.824,150.666,109.249,14.5942,39.797,16.3129,0.166667,0.00173611,7.39E-19,5.51E-19,3.51E-37,-1.38E-20,1.60E-38,0
199.572,155.213,120.33,8.01231,8.21866,10.501,0.183811,0.00313771,0.000462533,1.46E-05,1.04E-09,-1.99E-07,5.79E-10,0
201.391,154.584,119.344,7.96376,8.64017,10.6908,0.231215,0.0234168,1.50E-06,2.51E-05,-1.54E-10,3.85E-06,-2.43E-17,0
201.072,155.213,120.323,7.83817,8.84816,10.764,0.235597,0.0252822,0.000381606,1.91E-05,-1.13E-09,-2.87E-06,1.18E-09,0
201.618,155.969,120.804,7.83244,9.33455,11.3055,0.26463,0.0405092,1.08E-07,1.83E-05,-2.58E-11,3.69E-06,-1.57E-17,0
201.846,155.069,120.028,8.2403,9.47983,11.7524,0.166667,0,0,0,0,0,0,0
201.143,154.707,118.973,7.88375,8.93783,11.1831,0.223958,0.0169542,1.14E-19,1.09E-19,1.22E-38,1.40E-20,4.48E-41,0
202.385,154.352,120.246,7.90555,9.63398,11.4369,0.276575,0.0472938,0.0012096,0.000105039,-2.68E-08,-1.80E-05,-2.61E-08,0
202.467,154.41,119.317,7.87035,9.81401,11.9543,0.19601,0.0105687,7.09E-05,2.76E-06,3.23E-11,-7.90E-08,-2.11E-11,0
202.921,154.093,118.674,8.15748,9.35687,11.7082,0.184726,0.0063276,0.000189488,1.04E-05,-1.38E-11,-3.71E-07,4.61E-10,0
201.769,154.644,119.112,7.89402,9.29462,10.7924,0.257719,0.0365023,0.000246561,4.21E-05,1.14E-09,1.52E-07,-4.13E-09,0
213.614,149.158,108.172,13.8928,39.32,16.5539,0.166667,0.00173611,6.43E-19,5.43E-19,3.20E-37,-1.27E-20,1.08E-38,0
199.866,157.389,123.857,8.08582,8.34858,10.4485,0.333333,0.0277778,7.32E-18,6.98E-18,4.99E-35,-1.15E-18,1.84E-37,0
199.319,156.624,122.631,7.72997,7.23714,9.78667,0.244371,0.0322333,0.000686167,0.000211555,7.85E-08,3.57E-05,-1.83E-08,0
197.241,163.581,128.774,7.08589,9.42206,9.36604,0.471834,0.188508,0.00602986,0.00324754,1.42E-05,0.0012069,2.38E-06,0
198.474,157.672,124.352,7.19187,8.87333,10.5962,0.231215,0.0234168,1.50E-06,2.51E-05,-1.54E-10,3.85E-06,8.35E-17,0
199.162,156.495,123.342,7.25689,8.24395,9.71504,0.285636,0.0479943,0.00197166,0.000295373,5.81E-08,-7.96E-06,-2.18E-07,0
199.372,156.081,122.846,7.09076,7.69249,9.74468,0.388615,0.115359,0.000467682,6.89E-05,-1.33E-09,-7.51E-06,1.23E-08,0
212.443,173.247,96.299,18.9771,29.4079,31.6387,0.402123,0.109929,0.0418819,0.0381701,0.00152508,0.0122442,-5.73E-05,0
212.669,174.2,96.122,19.2303,29.7569,31.8183,5.08543,17.17,11.7793,3.68058,24.2248,14.8826,-0.686631,0
211.909,172.625,95.7008,18.2837,28.349,31.4147,0.231215,0.0234168,1.50E-06,2.51E-05,-1.54E-10,3.85E-06,2.13E-16,0
212.922,173.711,98.3389,18.4936,28.7705,31.3902,0.310865,0.0638737,0.00105259,0.000121571,-4.35E-08,-3.05E-05,1.73E-09,0
213.356,150.585,108.862,13.8103,38.9829,16.3489,0.162831,0.000487992,0.000121971,2.02E-06,3.17E-11,4.46E-08,-3.08E-17,0
213.204,174.296,96.5067,18.7338,29.0352,31.5656,0.572397,0.156769,0.780279,0.708819,0.527136,0.280606,0.00264671,0
212.417,172.643,96.0135,18.4471,28.8911,31.9161,0,0,0,0,0,0,0,0
213.957,177.615,92.6733,19.8371,30.4447,30.4958,0.319164,0.065206,0.00482218,0.00145632,3.45E-06,0.000178577,1.73E-06,0
211.977,173.674,95.8983,18.8003,29.2281,32.0016,4.70154,10.6012,35.0732,2.37702,-14.1131,-7.28941,-16.4888,0
213.092,175.995,93.3903,19.5393,30.4064,31.2135,0.256296,0.0369406,0.000233422,4.48E-05,3.14E-09,1.66E-06,3.34E-09,0
212.119,173.672,94.934,19.0709,29.2527,31.411,0.319638,0.0703167,0.00383263,0.00134845,2.85E-06,0.000244955,1.13E-06,0
214.656,177.895,96.0366,19.2301,29.618,28.8158,0.374862,0.105292,0.0087854,0.00284011,1.30E-05,0.0005893,5.60E-06,0
214.545,177.219,94.6339,20.1784,31.1807,29.2115,2.01017,3.09223,0.00759741,0.350293,0.0143371,0.608584,-0.0110003,0
223.412,192.253,94.6784,22.6776,34.3695,26.581,2.99073,4.68324,9.26306,3.54859,20.0765,2.55689,3.29513,0
225.096,195.413,107.557,20.9592,26.9196,20.3584,1.39095,0.950279,1.2222,0.269716,0.134703,0.161274,-0.0763915,0
214.159,154.441,111.597,14.9734,38.9333,16.5353,0.577221,0.305358,0.00078288,0.000511717,3.22E-07,0.000253826,3.30E-08,0
216.709,181.647,81.4072,21.0408,32.5693,23.7345,0.241849,0.030467,0.000512965,0.000151127,4.18E-08,2.57E-05,4.50E-09,0
230.501,214.165,107.701,20.7878,26.7676,22.7833,1.17464,0.45592,0.188248,0.109408,0.0133074,0.0692697,-0.0083334,0
228.481,209.051,107.585,19.7021,24.0279,15.9142,0,0,0,0,0,0,0,0
214.971,181.419,82.4501,19.4275,27.1673,18.2798,0.231215,0.0234168,1.50E-06,2.51E-05,-1.54E-10,3.85E-06,-2.59E-17,0
213.917,178.859,78.5698,20.2732,29.3409,19.6978,0,0,0,0,0,0,0,0
218.302,185.468,79.3136,21.6263,33.7694,23.8436,0.277902,0.0406746,0.00391428,0.00246338,7.65E-06,0.000453372,-1.45E-07,0
219.04,187.943,80.4865,22.9917,35.4892,26.621,0.554269,0.259846,0.0180297,0.00686013,6.93E-05,0.00207987,-3.20E-05,0
225.073,199.191,87.5057,23.9695,35.9054,26.8308,0.22486,0.0236789,3.73E-05,2.03E-06,-1.09E-11,-1.91E-07,1.39E-11,0
229.434,207.789,91.2966,22.5352,32.212,25.2097,0.42664,0.146361,0.0066875,0.00100993,1.52E-07,-0.000135998,-2.62E-06,0
220.902,147.379,106.664,21.8063,20.4678,14.8825,0.29132,0.0579012,0.000604658,0.000183656,5.77E-08,3.15E-05,2.05E-08,1
211.25,135.436,102.534,19.6713,18.8469,13.7177,5.4537,29.4991,47.1265,46.1993,2155.69,249.926,-2.15539,1
236.311,138.495,84.9888,15.4438,27.2488,20.8858,0.555556,0.197531,0.00857339,0.00165981,-6.26E-06,-0.000737693,4.93E-12,1
236.548,139.19,86.7554,15.5109,28.5225,21.0543,0.22167,0.0211558,0.000374621,4.02E-05,1.30E-09,1.47E-06,-4.76E-09,1
233.261,145.942,88.7519,16.1395,32.1207,22.8241,0.30528,0.061135,0.000807796,0.000211602,7.44E-08,3.62E-05,4.60E-08,1
235.891,157.684,95.515,15.9628,38.7089,22.8747,4.78044,19.8523,222.182,205.083,43777.3,913.677,14.1377,1
233.616,157.963,93.885,16.5242,37.8903,22.657,0.56043,0.246619,0.022596,0.0170314,0.000332782,0.00788034,-2.98E-05,1
233.054,163.103,94.6784,16.6605,40.9338,23.7387,0.555556,0.197531,0.00857339,0.00165981,-6.26E-06,-0.000737693,-7.34E-13,1
230.471,173.41,101.508,17.7342,40.4787,23.0118,0,0,0,0,0,0,0,1
235.481,158.672,91.1491,15.1925,34.589,21.7169,4.27282,11.7206,3.48446,2.82905,7.38031,9.19706,-4.9424,1
237.355,138.565,83.1414,14.5534,25.4247,19.152,0.370685,0.0842963,0.00979645,0.00117296,-1.84E-06,-0.000174723,-3.52E-06,1
217.404,145.088,109.088,19.1807,17.3337,15.247,0.169401,0.00194095,0.000123586,1.26E-07,-5.00E-13,5.57E-09,-3.58E-19,1
235.965,153.617,88.7503,15.2131,34.766,21.8671,1.47222,1.85262,0.0309499,0.00469479,-5.66E-05,-0.00639013,-2.11E-11,1
235.176,154.35,90.1268,16.2333,34.4322,23.0762,0,0,0,0,0,0,0,1
235.592,155.425,90.9499,15.6951,33.0418,23.2177,0.25,0.0347222,1.23E-16,4.93E-17,2.78E-33,8.16E-18,2.64E-33,1
221.093,149.471,114.355,21.3929,18.0677,12.0665,1.71296,2.83239,0.215109,0.188284,0.037887,0.305564,-0.000635589,1
220.809,149.122,113.299,20.8269,17.7749,12.9989,1.60172,1.07558,0.219634,0.00135501,2.31E-05,0.00115479,-3.69E-06,1
222.325,145.694,109.616,21.6704,20.8085,15.3594,0.25,0.0347222,1.84E-16,9.10E-17,1.14E-32,-1.56E-17,2.88E-33,1
230.16,157.436,114.061,21.7523,18.5241,11.3791,0.669965,0.406908,0.0552454,0.0517029,0.00276321,0.0316556,1.48E-05,1
228.444,154.985,114.699,21.6888,17.3317,11.8004,1.44444,0.588156,1.14044,0.203498,0.0920932,0.0741436,-0.0336091,1
228.155,154.25,113.262,20.9541,17.3613,11.6958,0.369855,0.0992314,0.0034902,0.000674909,7.16E-07,8.89E-05,7.49E-07,1
223.379,154.963,114.928,20.0318,17.0359,11.4001,0.471111,0.116642,0.00951526,0.00199919,9.22E-07,-0.000214334,8.67E-06,1
230.88,150.199,110.569,21.5016,20.5985,16.8668,0.185293,0.00603094,0.000874709,8.18E-05,2.17E-08,6.32E-06,-2.48E-09,1
223.155,153.896,115.802,20.6618,17.881,11.9804,0.215965,0.0177129,0.000475189,0.000154451,3.79E-08,1.89E-05,-1.77E-08,1
223.599,156.614,119.111,19.9059,17.0124,13.384,0.25,0.0347222,2.67E-16,1.54E-16,2.60E-32,-2.75E-17,1.71E-32,1
223.599,156.614,119.111,19.9059,17.0124,13.384,0.25,0.0347222,2.67E-16,1.54E-16,2.60E-32,-2.75E-17,1.71E-32,1
221.983,153.596,117.044,19.9575,18.148,14.293,0.186424,0.0063909,0.000658107,2.44E-05,1.45E-09,7.01E-07,2.73E-09,1
233.099,158.345,82.6217,21.0728,39.7207,22.0942,0.25121,0.033318,0.000484577,2.80E-05,3.18E-09,4.49E-06,7.70E-10,1
220.392,153.754,117.576,19.2192,17.8047,14.4216,0.17266,0.00124958,0.000454742,3.70E-06,7.58E-11,8.19E-08,-1.31E-10,1
218.961,154.476,119.136,17.7802,14.9045,12.6988,0.222222,0.0123457,0.00548697,0.000219479,-2.41E-07,-2.44E-05,2.63E-13,1
217.034,153.472,118.502,17.6689,14.7827,11.2232,1.48444,0.0549175,2.94275,0.400183,0.426835,0.0601315,0.0800378,1
215.972,153.18,117.066,18.0618,14.9689,11.3241,1.14525,0.161466,0.690639,0.209029,0.078617,0.0611392,0.0112728,1
217.206,153.433,116.539,18.522,15.3668,11.7906,0.894824,0.74254,0.00176833,0.00145645,2.34E-06,0.00123339,-2.82E-08,1
236.592,152.828,90.0495,15.3704,33.1591,23.3187,4.27911,17.0468,103.062,97.7555,9812.07,399.446,-25.9222,1
218.312,153.207,116.831,19.0399,15.4603,10.8224,0.787765,0.568792,0.00638428,0.00259742,1.04E-05,0.0019076,1.86E-06,1
218.312,153.207,116.831,19.0399,15.4603,10.8224,0.787765,0.568792,0.00638428,0.00259742,1.04E-05,0.0019076,1.86E-06,1
218.446,153.234,116.861,19.0688,16.0405,10.6977,0.443958,0.163797,0.000285759,7.78E-05,8.85E-09,1.52E-05,-7.49E-09,1
219.303,153.586,116.29,19.4734,16.6817,10.7111,0.302429,0.0633777,0.000207869,5.92E-05,6.57E-09,1.49E-05,1.62E-10,1
217.997,151.873,114.816,19.2558,16.892,10.7125,0.284538,0.0478902,0.000330641,6.29E-05,-3.03E-10,-3.99E-06,-9.06E-09,1
219.156,152.864,115.507,19.5632,16.9775,10.9523,0.375,0.112847,5.20E-19,2.91E-18,3.44E-36,-7.43E-19,1.01E-36,1
219.266,152.502,115.572,19.5047,17.0223,10.8016,0.175905,0.000735292,0.0006475,1.84E-05,-2.01E-09,5.00E-07,-3.37E-16,1
219.708,153.536,116.839,19.5605,16.0216,10.6744,0,0,0,0,0,0,0,1
217.88,154.048,118.196,18.6061,15.0447,11.4283,0.297564,0.0616175,0.000210372,0.000100248,1.46E-08,2.46E-05,-4.86E-10,1
215.437,154.196,119.414,18.1514,14.2464,10.8514,0.16804,0.00220197,8.33E-05,2.64E-06,-3.86E-12,-7.30E-08,-3.89E-11,1
236.743,149.932,89.4192,14.9796,32.2751,21.7634,0,0,0,0,0,0,0,1
215.437,154.196,119.414,18.1514,14.2464,10.8514,0.16804,0.00220197,8.33E-05,2.64E-06,-3.86E-12,-7.30E-08,-3.89E-11,1
236.608,148.561,89.3296,15.1488,30.6575,20.173,0.222222,0.0123457,0.00548696,0.00021948,-2.41E-07,-2.44E-05,2.76E-13,1
237.282,148.382,89.2304,15.0139,29.6723,19.8451,0.472222,0.111883,0.0403056,0.0215093,0.0005748,0.00533445,0.000265895,1
237.149,147.179,88.6654,15.0001,28.9928,19.9431,0.333333,0.0277778,3.68E-17,1.03E-17,1.53E-34,-6.04E-19,-1.27E-34,1
236.489,141.909,85.4009,15.2271,26.8223,18.9494,7.57986,53.0509,1.2358,0.0298655,0.00394182,-0.152495,-0.00416914,1
